L-O-V-E,['Nat King Cole'],L-O-V-E,1964,2:35,https://lh3.googleusercontent.com/BUOzu_hW_w9iNn60yvZ51qmwQmR6Fea2vZ68pvhRA_N8LFOtpfBG8RizhU7KjjF9MH5svLP2McpnCgwz=w544-h544-l90-rj,https://music.youtube.com/watch?v=gZYtes1RO_w,https://www.youtube.com/watch?v=gZYtes1RO_w,opus,48000,132.477,2,"['Nat King Cole', 'ナットキングコール', 'ナット・キング・コール', 'L-O-V-E']"
Orange Colored Sky,['Nat King Cole'],The Nat King Cole Story,1961,2:34,https://lh3.googleusercontent.com/PvYuKSYmNi7ew50oWeYLmeJShsGNqxfFSj2_yTZOzW5xyd6LcqAumLXP35K_ffGAV_MoNy6X8W0zBaNc=w544-h544-l90-rj,https://music.youtube.com/watch?v=ClIKt3ulioo,https://www.youtube.com/watch?v=ClIKt3ulioo,opus,48000,131.803,2,"['Nat King Cole', 'ナットキングコール', 'ナット・キング・コール', 'The Nat King Cole Story', 'Orange Colored Sky']"
Sixty Minute Man,['The Dominoes'],Presenting the Dominoes,1951,2:30,https://lh3.googleusercontent.com/-yMgG9_fxVP4bDBiSMfod57e4RReYX2ThWGFL4Ffgqo9rc-7G-1TO7MYLwgmAeiVwNlZea7V9p1XJgtL=w544-h544-l90-rj,https://music.youtube.com/watch?v=09EarjR-UPU,https://www.youtube.com/watch?v=09EarjR-UPU,opus,48000,104.305,2,"['The Dominoes', 'Presenting the Dominoes', 'Sixty Minute Man']"
I Don't Want To Set The World On Fire,['The Ink Spots'],How To Make An American Quilt,1941,2:59,https://lh3.googleusercontent.com/HzKgWx9zSRPeRBFdxSvIaGwsGAJt-nGe03Yp1scGV2Yzepzbwdo8-x-ZTjCIT6L4mvJYwz_eMdy__6zD=w544-h544-l90-rj,https://music.youtube.com/watch?v=NzLOy8nAjAg,https://www.youtube.com/watch?v=NzLOy8nAjAg,opus,48000,103.838,2,"['The Ink Spots', 'インクスポッツ', 'インク・スポッツ', 'How To Make An American Quilt', "I Don't Want To Set The World On Fire"]"
Maybe,['The Ink Spots'],The Ink Spots,None,2:51,https://lh3.googleusercontent.com/CBDi_OSEQyCusy54-CJHV5bY4Fs1tt7WqbNQD4YXuaV0et891_paOvT6N-7esprXr3n-FhLKmXFClIXi=w544-h544-l90-rj,https://music.youtube.com/watch?v=IS6k-LjvsEc,https://www.youtube.com/watch?v=IS6k-LjvsEc,opus,48000,144.598,2,"['The Ink Spots', 'Maybe']"
Its All Over But The Crying,['The Ink Spots'],Old Fashioned Sad Songs - 60 Original Recordings (Remastered),2011,2:51,https://lh3.googleusercontent.com/CvBplDbxHav9lSFecoumuaBOS8EQvTYZ0ymfz2keGbdmCH_igmSJ5neFRrzKhUdO7NSLUMjLPbOul3tvQQ=w544-h544-l90-rj,https://music.youtube.com/watch?v=p1zues7mRsI,https://www.youtube.com/watch?v=p1zues7mRsI,opus,48000,95.79,2,"['The Ink Spots', 'Old Fashioned Sad Songs - 60 Original Recordings (Remastered)', 'Its All Over But The Crying']"
Into Each Life Some Rain Must Fall,"['The Ink Spots', 'Ella Fitzgerald']",Gold,1944,3:08,https://lh3.googleusercontent.com/EvP8fMPv1p2ieSDv9jzffwmS6PgTnjbozKDI0R_-kxkI9nMh_29gRz4JdraThMmSnRCIkqCs-XfE3-4X=w544-h544-l90-rj,https://music.youtube.com/watch?v=DxqFlT8GfIU,https://www.youtube.com/watch?v=DxqFlT8GfIU,opus,48000,97.756,2,"['The Ink Spots', 'インクスポッツ', 'インク・スポッツ', 'Ella Fitzgerald', 'エラフィッツジェラルド', 'エラ・フィッツジェラルド', 'Gold', 'Into Each Life Some Rain Must Fall']"
Java Jive,['The Ink Spots'],Java Jive,2004,3:06,https://lh3.googleusercontent.com/iyyucfrB3fwMGJ5p8iiVdh7SrLHXZ3Pd_rs8Ab6wL8_iaf_llNAWCakYSKJKDa8xjXwgPhZD9_Vh7sN2=w544-h544-s-l90-rj,https://music.youtube.com/watch?v=eoTCl8Esp04,https://www.youtube.com/watch?v=eoTCl8Esp04,opus,48000,128.164,2,"['The Ink Spots', 'Java Jive']"
Right Behind You Baby,['Ray Smith'],So Young / Right Behind You Baby,1958,2:25,https://lh3.googleusercontent.com/gUFZ2v-tLEjFh_JJt6qU8z48st7wY7nuzhcPI8Kz62x3hd02BJ-_U-2eLm2S0B7PJ5RFrwLRYqVFXvA=w544-h544-l90-rj,https://music.youtube.com/watch?v=1obIcgIvyfA,https://www.youtube.com/watch?v=1obIcgIvyfA,opus,48000,99.91,2,"['Ray Smith', 'So Young / Right Behind You Baby', 'Right Behind You Baby']"
Uranium Fever,['Elton Britt'],Presenting Elton Britt,1955,2:19,https://lh3.googleusercontent.com/yPXM1B2_B31-NAXDAmRv_diDGIoknx7JWEPQ9rHhum74OzYmR6bds0yVV-5a213Eh1NJj3t68m3aGbc=w544-h544-l90-rj,https://music.youtube.com/watch?v=wKVmhaSY1X8,https://www.youtube.com/watch?v=wKVmhaSY1X8,opus,48000,101.457,2,"['Elton Britt', 'Presenting Elton Britt', 'Uranium Fever']"
Rocket 69,['Todd Rhodes'],Presenting Todd Rhodes,1947,2:43,https://lh3.googleusercontent.com/76sOlfKSil2ma4BIYmulaXHQff7bhKAEfsPWnCEXoKWSfjHYlFA1ncNtemCCzHRcpcvYmOYpaQHG6FPeEQ=w544-h544-l90-rj,https://music.youtube.com/watch?v=SiAk2Q4a0lA,https://www.youtube.com/watch?v=SiAk2Q4a0lA,opus,48000,110.636,2,"['Todd Rhodes', 'Presenting Todd Rhodes', 'Rocket 69']"
Whole Lotta Shakin' Goin' On,['Big Maybelle'],Presenting Big Maybelle,1953,2:40,https://lh3.googleusercontent.com/KMw7azdwNpumzT-kihefPxH44BfvxRNHPLdSOSoT4lTjifUE22iZujztKp9hJy55yH1hNIOFy3e515U=w544-h544-l90-rj,https://music.youtube.com/watch?v=z2aHARbW_8I,https://www.youtube.com/watch?v=z2aHARbW_8I,opus,48000,103.705,2,"['Big Maybelle', 'Presenting Big Maybelle', "Whole Lotta Shakin' Goin' On"]"
Mighty Mighty Man,['Roy Brown'],Forever Rock Around the Clock,None,2:36,https://lh3.googleusercontent.com/y2_CSnH4Gv1uwOJVJhmXS7C_fv6yjJMtQ6X5jgpNaGnMgixeYBDAmePbkDzCYIcUUE_OBw06YI-i2-a-=w544-h544-l90-rj,https://music.youtube.com/watch?v=Oxts0A0gZN4,https://www.youtube.com/watch?v=Oxts0A0gZN4,opus,48000,103.789,2,"['Roy Brown', 'Forever Rock Around the Clock', 'Mighty Mighty Man']"
"Butcher Pete, Pt. 2",['Roy Brown'],Presenting Roy Brown,1900,2:42,https://lh3.googleusercontent.com/77iGuw5TT0-HKTeLRdVl9UaJVX31c67dXjuZgNVAkUZn5ATWh35ggKh4TB3YXhNncBP7hJ1iL5X0odWYnw=w544-h544-l90-rj,https://music.youtube.com/watch?v=FZY8CvXWfU4,https://www.youtube.com/watch?v=FZY8CvXWfU4,opus,48000,104.083,2,"['Roy Brown Presenting Roy Brown Butcher Pete', 'Pt. 2']"
Butcher Pete,['Roy Brown'],Golden Decade - Music Of My Life (Book 03),None,2:24,https://lh3.googleusercontent.com/9GO3D8QVct5eU9s28PYkpqSdJQfl-AivmiaKlrOYFDRD5QGc-yTgjKlbiP6FeFjOoJjXvBsEaIAJnPND=w544-h544-s-l90-rj,https://music.youtube.com/watch?v=YLpZKBKPpGM,https://www.youtube.com/watch?v=YLpZKBKPpGM,opus,48000,134.811,2,"['Roy', 'Brown', 'Golden', 'Decade', 'Music', 'Of', 'My', 'Life', '(Book', '03)', 'Butcher', 'Pete']"
Good Rockin' Tonight (Alternate Take),['Roy Brown'],Presenting Roy Brown,1900,3:01,https://lh3.googleusercontent.com/77iGuw5TT0-HKTeLRdVl9UaJVX31c67dXjuZgNVAkUZn5ATWh35ggKh4TB3YXhNncBP7hJ1iL5X0odWYnw=w544-h544-l90-rj,https://music.youtube.com/watch?v=ik4gvCNGwSE,https://www.youtube.com/watch?v=ik4gvCNGwSE,opus,48000,106.707,2,"['Roy Brown', 'Presenting Roy Brown', "Good Rockin' Tonight (Alternate Take)"]"
Way Back Home,['Bob Crosby'],Presenting The Bob Crosby Show,1953,2:55,https://lh3.googleusercontent.com/OI9zt4y6ztv1Q87RSTSctZi58YWZK01SURpzt2o1JRrOqeBWhwWwNa3i3Lsp7tKWsZhQquVJvPeZZx8=w544-h544-l90-rj,https://music.youtube.com/watch?v=8wDCnmpIbFM,https://www.youtube.com/watch?v=8wDCnmpIbFM,opus,48000,109.127,2,"['Bob Crosby', 'Presenting The Bob Crosby Show', 'Way Back Home']"
Dear Hearts and Gentle People,['Bob Crosby'],Presenting The Bob Crosby Show,1953,2:13,https://lh3.googleusercontent.com/OI9zt4y6ztv1Q87RSTSctZi58YWZK01SURpzt2o1JRrOqeBWhwWwNa3i3Lsp7tKWsZhQquVJvPeZZx8=w544-h544-l90-rj,https://music.youtube.com/watch?v=nJzFH-emqy8,https://www.youtube.com/watch?v=nJzFH-emqy8,opus,48000,102.159,2,"['Bob Crosby', 'Presenting The Bob Crosby Show', 'Dear Hearts and Gentle People']"
Happy Times,['Bob Crosby'],Presenting The Bob Crosby Show,1953,2:46,https://lh3.googleusercontent.com/OI9zt4y6ztv1Q87RSTSctZi58YWZK01SURpzt2o1JRrOqeBWhwWwNa3i3Lsp7tKWsZhQquVJvPeZZx8=w544-h544-l90-rj,https://music.youtube.com/watch?v=xwQPsihhngM,https://www.youtube.com/watch?v=xwQPsihhngM,opus,48000,111.618,2,"['Bob Crosby', 'Presenting The Bob Crosby Show', 'Happy Times']"
It's a Man (Alternate Take),['Betty Hutton'],Presenting Betty Hutton,1952,2:23,https://lh3.googleusercontent.com/P_Ftx7yu5GUa3i3hGkFGAf3X8_keOEzRqp7XgQ9_TNghpyEUfW7qPp71HiMvCH8SvWK08ap20Hj6terzzg=w544-h544-l90-rj,https://music.youtube.com/watch?v=hoD_71BNHFc,https://www.youtube.com/watch?v=hoD_71BNHFc,opus,48000,134.809,2,"['Betty Hutton', 'Presenting Betty Hutton', "It's a Man (Alternate Take)"]"
"He's a Demon, He's a Devil, He's a Doll",['Betty Hutton'],Presenting Betty Hutton,1952,3:17,https://lh3.googleusercontent.com/P_Ftx7yu5GUa3i3hGkFGAf3X8_keOEzRqp7XgQ9_TNghpyEUfW7qPp71HiMvCH8SvWK08ap20Hj6terzzg=w544-h544-l90-rj,https://music.youtube.com/watch?v=AGL51cPJSR0,https://www.youtube.com/watch?v=AGL51cPJSR0,opus,48000,105.173,2,"["Betty Hutton Presenting Betty Hutton He's a Demon", "He's a Devil", "He's a Doll"]"
Personality,['Johnny Mercer'],Presenting Johnny Mercer,1934,2:50,https://lh3.googleusercontent.com/pgdlap4evDAclUA7I45kO4NTwTspE14RZwSus8mUcFbP4tGpGsim5bToUZ7rPXtOx_fC_D05rr2nXQ5QKQ=w544-h544-l90-rj,https://music.youtube.com/watch?v=vR-mTgLUGZk,https://www.youtube.com/watch?v=vR-mTgLUGZk,opus,48000,102.387,2,"['Johnny Mercer', 'Presenting Johnny Mercer', 'Personality']"
Ac-Cent-Tchu-Ate the Positive,['Johnny Mercer'],Presenting Johnny Mercer,1934,2:49,https://lh3.googleusercontent.com/pgdlap4evDAclUA7I45kO4NTwTspE14RZwSus8mUcFbP4tGpGsim5bToUZ7rPXtOx_fC_D05rr2nXQ5QKQ=w544-h544-l90-rj,https://music.youtube.com/watch?v=Zd1qRSmwXmE,https://www.youtube.com/watch?v=Zd1qRSmwXmE,opus,48000,103.815,2,"['Johnny Mercer', 'Presenting Johnny Mercer', 'Ac-Cent-Tchu-Ate the Positive']"
Atom Bomb Baby,['The Five Stars'],The Five Stars,1957,2:17,https://lh3.googleusercontent.com/81-w8GIY1fG-kqO6CQwCtBqLAsPPzoII2BzR_jC0LhgBJlzwd7f1TVaZYSFSpm-UtGK30puIeZbvUSPX=w544-h544-l90-rj,https://music.youtube.com/watch?v=6oGGLpl18rs,https://www.youtube.com/watch?v=6oGGLpl18rs,opus,48000,99.293,2,"['The Five Stars', 'Atom Bomb Baby']"
Pistol Packin' Mama,"['Bing Crosby', 'The Andrews Sisters', 'Vic Schoen & His Orchestra']",Bing: A Musical Autobiography,1954,3:18,https://lh3.googleusercontent.com/Qf-PfYXNJBbCfsbf-rvUcHVCImbhDRwUBw9kAa0SgzuxIyyu1Hq3B7kdx596kErJA3wk6C4-YBKAUoQ=w544-h544-l90-rj,https://music.youtube.com/watch?v=wYtHZ2AMVGY,https://www.youtube.com/watch?v=wYtHZ2AMVGY,opus,48000,108.488,2,"['Bing Crosby', 'ビングクロスビー', 'ビング・クロスビー', 'The Andrews Sisters', 'アンドリユーシスターズ', 'アンドリュー・シスターズ', 'Vic Schoen & His Orchestra', 'ＶｉｃＳｃｈｏｅｎ＆ＨｉｓＯｒｃｈｅｓｔｒａ', 'Bing: A Musical Autobiography', "Pistol Packin' Mama"]"
Grandma Plays the Numbers,['Wynonie Harris'],Good Rockin' Blues,1954,2:40,https://lh3.googleusercontent.com/Hg97rambPGZm-Nm-G_uH89ZYlZ7Jz5knmhstZ2Ws2B7HRZMP7-UfLlbtv4giCZsQjNcS6xvO_SA1m0Mr_w=w544-h544-l90-rj,https://music.youtube.com/watch?v=W3fC9686oBk,https://www.youtube.com/watch?v=W3fC9686oBk,opus,48000,97.946,2,"['Wynonie Harris', "Good Rockin' Blues", 'Grandma Plays the Numbers']"
A Wonderful Guy,['Tex Beneke'],Presenting Tex Beneke,1946,1:56,https://lh3.googleusercontent.com/yMRcGOnDuhzNto_OHUEk4RICuIKIkZyQBoFVAOcWDfP4cBUDxXxWuObDSuPcTOACIHPhiKTQKn702Q=w544-h544-l90-rj,https://music.youtube.com/watch?v=L0OH5I62tgo,https://www.youtube.com/watch?v=L0OH5I62tgo,opus,48000,121.071,2,"['Tex Beneke', 'Presenting Tex Beneke', 'A Wonderful Guy']"
Anything Goes,"['Cole Porter', 'Vince Giordano', 'The Nighthawks']",It's De Lovely: The Authentic Cole Porter Collection,None,3:08,https://lh3.googleusercontent.com/1kELmUHIVh962_abA8GJEGWOUq0vV1uzeyq9_WKEIMMRX4MmQPztRfV7nElpLUwk3WqI0wsxxS-lxMqQ=w544-h544-s-l90-rj,https://music.youtube.com/watch?v=dxCjpEc66Dw,https://www.youtube.com/watch?v=dxCjpEc66Dw,opus,48000,125.333,2,"['Cole Porter', 'コールポーター', 'Vince Giordano', 'The Nighthawks', "It's De Lovely: The Authentic Cole Porter Collection", 'Anything Goes']"
I'm the One You're Looking For,"['John Jarvis, Kerry Marx & Lynda Carter']",Fallout 4 (Original Game Soundtrack),2015,3:25,https://lh3.googleusercontent.com/x0A-ICgml72WjnX7d_T2DCIu7FyOHeEVkfab7d_aqc9yS4RN-xw_JgMdz0PnGvjA__V7r-PchDyFOfrtKg=w544-h544-l90-rj,https://music.youtube.com/watch?v=9u0U-crLZxU,https://www.youtube.com/watch?v=9u0U-crLZxU,opus,48000,136.383,2,"['John Jarvis', "Kerry Marx & Lynda Carter Fallout 4 (Original Game Soundtrack) I'm the One You're Looking For"]"
Baby It's Just You,"['John Jarvis, Kerry Marx & Lynda Carter']",Fallout 4 (Original Game Soundtrack),2015,2:33,https://lh3.googleusercontent.com/x0A-ICgml72WjnX7d_T2DCIu7FyOHeEVkfab7d_aqc9yS4RN-xw_JgMdz0PnGvjA__V7r-PchDyFOfrtKg=w544-h544-l90-rj,https://music.youtube.com/watch?v=tcwXyyPfk-o,https://www.youtube.com/watch?v=tcwXyyPfk-o,opus,48000,128.337,2,"['John Jarvis', "Kerry Marx & Lynda Carter Fallout 4 (Original Game Soundtrack) Baby It's Just You"]"
Good Neighbor,"['John Jarvis, Kerry Marx & Lynda Carter']",Fallout 4 (Original Game Soundtrack),2015,3:36,https://lh3.googleusercontent.com/x0A-ICgml72WjnX7d_T2DCIu7FyOHeEVkfab7d_aqc9yS4RN-xw_JgMdz0PnGvjA__V7r-PchDyFOfrtKg=w544-h544-l90-rj,https://music.youtube.com/watch?v=YUfm6kAqULM,https://www.youtube.com/watch?v=YUfm6kAqULM,opus,48000,135.463,2,"['John Jarvis', 'Kerry Marx & Lynda Carter Fallout 4 (Original Game Soundtrack) Good Neighbor']"
Man Enough,"['John Jarvis, Kerry Marx & Lynda Carter']",Fallout 4 (Original Game Soundtrack),2015,3:23,https://lh3.googleusercontent.com/x0A-ICgml72WjnX7d_T2DCIu7FyOHeEVkfab7d_aqc9yS4RN-xw_JgMdz0PnGvjA__V7r-PchDyFOfrtKg=w544-h544-l90-rj,https://music.youtube.com/watch?v=qkxI1s5zLPk,https://www.youtube.com/watch?v=qkxI1s5zLPk,opus,48000,130.75,2,"['John Jarvis', 'Kerry Marx & Lynda Carter Fallout 4 (Original Game Soundtrack) Man Enough']"
Train Train,"['John Jarvis, Kerry Marx & Lynda Carter']",Fallout 4 (Original Game Soundtrack),2015,2:15,https://lh3.googleusercontent.com/x0A-ICgml72WjnX7d_T2DCIu7FyOHeEVkfab7d_aqc9yS4RN-xw_JgMdz0PnGvjA__V7r-PchDyFOfrtKg=w544-h544-l90-rj,https://music.youtube.com/watch?v=hlbklJscQcI,https://www.youtube.com/watch?v=hlbklJscQcI,opus,48000,126.147,2,"['John Jarvis', 'Kerry Marx & Lynda Carter Fallout 4 (Original Game Soundtrack) Train Train']"
Civilization Bongo Bongo Bongo,"['Andrews Sisters', 'Danny Kaye']",Civilization Bongo Bongo Bongo,2014,3:06,https://lh3.googleusercontent.com/W0d77hTNTUpgnQM6ArutwwFgfrUfiya57cB7sZvp4Qr5DOtiW5dUvf53mqQVqpI426Qfu11MMRuaHEZXRQ=w544-h544-l90-rj,https://music.youtube.com/watch?v=HtdKl0D_qeQ,https://www.youtube.com/watch?v=HtdKl0D_qeQ,opus,48000,103.984,2,"['Andrews', 'Sisters', 'Danny', 'Kaye', 'Civilization', 'Bongo']"
チェリボム,['Silent Siren'],S,None,4:02,https://lh3.googleusercontent.com/6BKGREu5wL3Igxg8xGcCP59ItNbbnKHWmT4RKm7XwmrLA5PF5S-F7ejKHcZplu6I5aJopiJ3nZfIOHU=w544-h544-s-l90-rj,https://music.youtube.com/watch?v=lXKNQIQRg9U,https://www.youtube.com/watch?v=lXKNQIQRg9U,opus,48000,131.235,2,"['Silent Siren', 'S', 'チェリボム']"
Routine,"['Silent Siren', 'クボナオキ', 'すぅ']",サイレントサイレン,None,4:01,https://lh3.googleusercontent.com/ipRWinJX0arGFKeG-P4XGw9hx4zgcEbraia-IUGfUK6i_zJnJn7LLBeaCox7G99uG38vH6naismNdk9m=w544-h544-s-l90-rj,https://music.youtube.com/watch?v=HcZu8--IxoY,https://www.youtube.com/watch?v=HcZu8--IxoY,opus,48000,132.023,2,"['Silent Siren', 'サイレントサイレン', 'クボナオキ', 'すぅ', 'Routine', 'ルーティン']"
Sandstorm,"['Darude', 'Jaakko Salovaara', 'Ville Virtanen']",Sandstorm,1999,7:26,https://lh3.googleusercontent.com/HlWb77FFvgiZQMlPXcucuzsob-pNBi0mCUZKEX_6uUz0hackCup2KryXVOtCoorgQkOnAxOQQ77yUag=w544-h544-l90-rj,https://music.youtube.com/watch?v=5Rk8u2FTaG0,https://www.youtube.com/watch?v=5Rk8u2FTaG0,opus,48000,130.735,2,"['Darude', 'Jaakko Salovaara', 'Ville Virtanen', 'Sandstorm']"
Lone Digger,['Caravan Palace'],ᐸI°_°Iᐳ,None,3:50,https://lh3.googleusercontent.com/5CPDYb_cQBkMZg1TbEvC-CVKko7z6ZwfdxZdGb5kOQ3Iqfnc1s8AKEAZ0by8HFxkakKheB43w2QrRBli=w544-h544-l90-rj,https://music.youtube.com/watch?v=36A-ZjOpui8,https://www.youtube.com/watch?v=36A-ZjOpui8,opus,48000,132.923,2,"['Caravan Palace', 'I°_°I', 'Lone Digger']"
Scatman (ski-ba-bop-ba-dop-bop),['Scatman John'],Scatman's World,None,3:36,https://lh3.googleusercontent.com/VLh2ap1ciiw9eiRm_bSZH0bxpDDNF6w4lc-H0hwHFT5mT6ASpYY9aR8opCZk8Mi89BZQ5cRQD4InqdHogQ=w544-h544-l90-rj,https://music.youtube.com/watch?v=Eht9W25tDZo,https://www.youtube.com/watch?v=Eht9W25tDZo,opus,48000,125.513,2,"['Scatman John', "Scatman's World", 'Scatman (ski-ba-bop-ba-dop-bop)']"
All About You,['McFly'],Wonderland,2005,3:07,https://lh3.googleusercontent.com/pZoigQi4cMxPY16oV_TG_jlh9HRMiIe1t-1p1QUQOhDb-ZgA5HdL2fmfmW6Rx9Ca04lymt1Jq61JPxJ2=w544-h544-s-l90-rj,https://music.youtube.com/watch?v=gRjO2JJT3qk,https://www.youtube.com/watch?v=gRjO2JJT3qk,opus,48000,139.495,2,"['McFly', 'マクフライ', 'Wonderland', 'All About You', 'オール・アバウト・ユー']"
Welcome to the Black Parade,['My Chemical Romance'],The Black Parade,2006,5:11,https://lh3.googleusercontent.com/v_9D7-qcGPdGaKb-sA5wBwpY9SXsUZdzMLFcaR_AQRsY84iQnOEfI9hKUh5B1Veb_HElggrbVRDVp5yl=w544-h544-l90-rj,https://music.youtube.com/watch?v=v_uncMEJkBc,https://www.youtube.com/watch?v=v_uncMEJkBc,opus,48000,131.278,2,"['My Chemical Romance', 'The Black Parade', 'Welcome to the Black Parade']"
Teenagers,['My Chemical Romance'],The Black Parade,2006,2:42,https://lh3.googleusercontent.com/v_9D7-qcGPdGaKb-sA5wBwpY9SXsUZdzMLFcaR_AQRsY84iQnOEfI9hKUh5B1Veb_HElggrbVRDVp5yl=w544-h544-l90-rj,https://music.youtube.com/watch?v=jLKOBJR5vHs,https://www.youtube.com/watch?v=jLKOBJR5vHs,opus,48000,126.841,2,"['My Chemical Romance', 'The Black Parade', 'Teenagers']"
Red Alert 3 Theme - Soviet March,['James Hannigan'],Command & Conquer: Red Alert 3 (Original Soundtrack),2009,2:48,https://lh3.googleusercontent.com/kiZ2tz3V9a51npQwHmCMqv2IrfMTtAmpTiZvnvy0R1xSmaJJOWmYtQFwVRfz1kz-jPUZ6iQ8t4BnusWoWA=w544-h544-l90-rj,https://music.youtube.com/watch?v=l_rbFhbcbT8,https://www.youtube.com/watch?v=l_rbFhbcbT8,opus,48000,122.708,2,"['James Hannigan', 'Command & Conquer: Red Alert 3 (Original Soundtrack)', 'Red Alert 3 Theme - Soviet March']"
Baba Yetu,"['Christopher Tin', 'Soweto Gospel Choir']",Calling All Dawns,2009,3:30,https://lh3.googleusercontent.com/q7toHjO0eXHpl3FPVhYOaeBs0uZLs_8t5rU43QprXxl-vxdyW-Yvxhq_YUSXhTkMqL0_yabMaX6OldcL=w544-h544-l90-rj,https://music.youtube.com/watch?v=d4iOF4yoNQw,https://www.youtube.com/watch?v=d4iOF4yoNQw,opus,48000,136.284,2,"['Christopher Tin', 'Soweto Gospel Choir', 'ソウェトゴスペルクワイア', 'ソウェト・ゴスペル・クワイア', 'Calling All Dawns', 'Baba Yetu']"
Sogno di Volare (“The Dream of Flight”),['Christopher Tin'],Sogno di Volare (Civilization VI Main Theme),None,3:53,https://lh3.googleusercontent.com/wGJrj54T9616rOTveoIKomxpIaCjPzkny76FbLIgROKBW8P5xVFgp7kM3tAPUkQzoisTLFpdP9wnyMzrPQ=w544-h544-l90-rj,https://music.youtube.com/watch?v=1Mlx18RxxQ8,https://www.youtube.com/watch?v=1Mlx18RxxQ8,opus,48000,123.246,2,"['Christopher Tin', 'Sogno di Volare (Civilization VI Main Theme)', 'Sogno di Volare (“The Dream of Flight”)']"
Catgroove (Club Version),['Parov Stelar'],Coco EP,None,5:10,https://lh3.googleusercontent.com/dgCWqPS-vyKW4nvtkrbolE-tPF3r7V8oWgowXBzM1Cd26cjCA3NudCIUYdMMFkk3rIENTI6fIhCsg1Y=w544-h544-l90-rj,https://music.youtube.com/watch?v=sXi50CNytGQ,https://www.youtube.com/watch?v=sXi50CNytGQ,opus,48000,130.515,2,"['Parov Stelar', 'Coco EP', 'Catgroove (Club Version)']"
Jimmy's Gang,['Parov Stelar'],"The Princess, Pt. Two",None,5:27,https://lh3.googleusercontent.com/UrmL5PlClvRTV1MWPg7WTuxSst3_f0s4OMUElWDNwOTYEasQ1Buh_plg5CsiuYf2owXR8-esIXlMdAn5=w544-h544-l90-rj,https://music.youtube.com/watch?v=JTovqt7boDo,https://www.youtube.com/watch?v=JTovqt7boDo,opus,48000,133.706,2,"['Parov Stelar The Princess', "Pt. Two Jimmy's Gang"]"
Chambermaid Swing,['Parov Stelar'],Charleston Butterfly,None,5:44,https://lh3.googleusercontent.com/EsyOGRgK7M2JKYE8TxZps6Q-Y1qL_WBTHb-HvV5N1sFnNG9mRTmrIG_jlBocNZc-Jy6gnA-iUUZ6UeOirQ=w544-h544-l90-rj,https://music.youtube.com/watch?v=DD7oPx1y4K0,https://www.youtube.com/watch?v=DD7oPx1y4K0,opus,48000,135.575,2,"['Parov Stelar', 'Charleston Butterfly', 'Chambermaid Swing']"
Libella Swing (Extended),['Parov Stelar'],Libella Swing,None,4:45,https://lh3.googleusercontent.com/Plx_QkLMbU51jLhOrJATklZ03ob7WQkBYovzGUlAk8duSsvX_Dy06vaewYd1kqxCRfDvCLuRh8P0F773=w544-h544-l90-rj,https://music.youtube.com/watch?v=SYt18-ZEEJo,https://www.youtube.com/watch?v=SYt18-ZEEJo,opus,48000,128.906,2,"['Parov Stelar', 'Libella Swing', 'Libella Swing (Extended)']"
Polska (feat. Frequ & Ninka),"['Alan Aztec', 'Frequ', 'Ninka']",Polska (feat. Frequ & Ninka),None,2:41,https://lh3.googleusercontent.com/Jg49a8ZJvFLxVK2CRLqWDXDxLAqQcTYz3WzSU2O5815VUR-LwDAW9pdgxLnXaq46YT-Vfq5FOQLKdlw=w544-h544-l90-rj,https://music.youtube.com/watch?v=DGURcH8Ep54,https://www.youtube.com/watch?v=DGURcH8Ep54,opus,48000,131.241,2,"['Alan Aztec', 'Frequ', 'Ninka', 'Polska (feat. Frequ & Ninka)']"
Acacia,['BUMP OF CHICKEN'],Acacia,None,4:22,https://lh3.googleusercontent.com/0ll-nRBifuYrdZuv4omRIdhYRYosQvPYnGzbdLOTtp1bFRXkUzNUdYtllbZQaKXXodx19U9HfN6oluKd=w544-h544-l90-rj,https://music.youtube.com/watch?v=4dnT-kKIO6Y,https://www.youtube.com/watch?v=4dnT-kKIO6Y,opus,48000,127.698,2,"['BUMP OF CHICKEN', 'バンプオブチキン', 'Acacia', 'アカシア']"
Make It Bun Dem,"['Skrillex', 'Damian "Jr Gong" Marley']",Make It Bun Dem,2012,3:34,https://lh3.googleusercontent.com/j-UclHWpEC9wHk_ztC1DqFJtaY5TNAEvsP3X2E990h2Cbz-GmgknHAKuT6Elebd1UdbMfdAmK838we8=w544-h544-l90-rj,https://music.youtube.com/watch?v=vY6B8uj1plY,https://www.youtube.com/watch?v=vY6B8uj1plY,opus,48000,128.13,2,"['Skrillex', 'Damian Jr Gong', 'Marley', 'Make It Bun Dem']"
Bangarang (feat. Sirah),"['Skrillex', 'Sirah']",Bangarang EP,2012,3:35,https://lh3.googleusercontent.com/PJ6VzB7MUlPHB1c__-Ki7V7-z3MhStaP9vEjL1el4i1GcOnwVva8W6Uc84qwMNMEZdYjPbDubmy5CRA5=w544-h544-l90-rj,https://music.youtube.com/watch?v=V7hbIzqxhaE,https://www.youtube.com/watch?v=V7hbIzqxhaE,opus,48000,135.505,2,"['Skrillex', 'Sirah', 'Bangarang EP', 'Bangarang (feat. Sirah)']"
Double Vision,['3OH!3'],Streets Of Gold,2010,3:11,https://lh3.googleusercontent.com/VjgYg4wRsFZjewEX9vuAGOTvWJllBJ29ggTcJnN5gJPc0LfeVmHXHU1uv4Kt3u0fDfmkk3e_vKYxMzk=w544-h544-s-l90-rj,https://music.youtube.com/watch?v=AulAGgkd1no,https://www.youtube.com/watch?v=AulAGgkd1no,opus,48000,124.787,2,"['3OH!3', 'Streets Of Gold', 'Double Vision']"
Sugar,['Maroon 5'],V,2014,3:55,https://lh3.googleusercontent.com/4igiWMyX-TCOC4EwsL4hGJz4Z1QVSSLCrqAySMivS_UHkAjGQA7BqCf7iaaDQPSciW1T8xfDeDqP7iLzEA=w544-h544-l90-rj,https://music.youtube.com/watch?v=wSOc5jmvF-k,https://www.youtube.com/watch?v=wSOc5jmvF-k,opus,48000,130.864,2,"['Maroon 5', 'マルーンファイブ', 'マルーン5', 'V', 'Sugar']"
Payphone,"['Maroon 5', 'Wiz Khalifa']",Overexposed,2012,3:51,https://lh3.googleusercontent.com/aqUChJrezGmTQ2x4_-Xj28XFlUVDIqEC2f_lEugI5EYRInPjlDyzBK1G5zwdlIEuBm3wDlJEu2O7F90Z=w544-h544-l90-rj,https://music.youtube.com/watch?v=smKgVuSB18k,https://www.youtube.com/watch?v=smKgVuSB18k,opus,48000,132.834,2,"['Maroon 5', 'マルーンファイブ', 'マルーン5', 'Wiz Khalifa', 'ウィズカリファ', 'ウィズ・カリファ', 'Overexposed', 'Payphone']"
Animals,['Maroon 5'],V,2014,3:51,https://lh3.googleusercontent.com/4igiWMyX-TCOC4EwsL4hGJz4Z1QVSSLCrqAySMivS_UHkAjGQA7BqCf7iaaDQPSciW1T8xfDeDqP7iLzEA=w544-h544-l90-rj,https://music.youtube.com/watch?v=5DF9aRuiOZo,https://www.youtube.com/watch?v=5DF9aRuiOZo,opus,48000,131.428,2,"['Maroon 5', 'マルーンファイブ', 'マルーン5', 'V', 'Animals']"
Lucky Strike,['Maroon 5'],Overexposed,2012,3:05,https://lh3.googleusercontent.com/aqUChJrezGmTQ2x4_-Xj28XFlUVDIqEC2f_lEugI5EYRInPjlDyzBK1G5zwdlIEuBm3wDlJEu2O7F90Z=w544-h544-l90-rj,https://music.youtube.com/watch?v=EBk-o5Rg5Ck,https://www.youtube.com/watch?v=EBk-o5Rg5Ck,opus,48000,131.433,2,"['Maroon 5', 'マルーンファイブ', 'マルーン5', 'Overexposed', 'Lucky Strike']"
Moves Like Jagger (Studio Recording From "The Voice" Performance),"['Maroon 5', 'Christina Aguilera']",Hands All Over,2011,3:21,https://lh3.googleusercontent.com/Ui7nHVaCSG8WCzCxhIz-of4el3xrx8WpKX8RZ6cowJBdoOwd9AmnEuINBYwVhBQjNu-zcABMSseFV6g=w544-h544-l90-rj,https://music.youtube.com/watch?v=2UfIXzKXic0,https://www.youtube.com/watch?v=2UfIXzKXic0,opus,48000,133.502,2,"['Maroon 5', 'マルーンファイブ', 'マルーン5', 'Christina Aguilera', 'クリスティーナアギレラ', 'クリスティーナ・アギレラ', 'Hands All Over', 'Moves Like Jagger']"
U Got That,['Halogen'],U Got That,2019,3:08,https://lh3.googleusercontent.com/F2XEA50gG7OJdo-dyh838cfwkpwvvR2UKjIXgvGg9MRhVBpPAHLS77sJTiZOe77SkR6luVKUVXBa7qw=w544-h544-l90-rj,https://music.youtube.com/watch?v=VLzt3giUTbM,https://www.youtube.com/watch?v=VLzt3giUTbM,opus,48000,147.733,2,"['Halogen', 'U Got That']"
Waiting For Love,['Avicii'],Stories,2015,3:51,https://lh3.googleusercontent.com/gNvQI_me1i5v3oXEaJCPYpjhYj5yQSObQNnKsBYTZhWqax62D6AslMc1z7Euvl2r6wnvuqWeLzFGUv5R=w544-h544-l90-rj,https://music.youtube.com/watch?v=iR1sAex__VA,https://www.youtube.com/watch?v=iR1sAex__VA,opus,48000,138.531,2,"['Avicii', 'アビーチー', 'アヴィーチー', 'Stories', 'Waiting For Love']"
The Nights,['Avicii'],The Days / Nights,2014,2:57,https://lh3.googleusercontent.com/bPQAXtxg9kp3_2RPlgtnezp5opZgYFUGQNTnZLEd_131df6T3Nht7Jo3Tx44WwseRUYPe8OeApHM88S50A=w544-h544-l90-rj,https://music.youtube.com/watch?v=W4C-NEWrnSQ,https://www.youtube.com/watch?v=W4C-NEWrnSQ,opus,48000,133.171,2,"['Avicii', 'アビーチー', 'アヴィーチー', 'The Days / Nights', 'ザ・デイズ', '（ヘンリック・ビー', 'リミックス）', 'ザ・デイズ (ヘンリック・ビー リミックス)', 'The Nights', 'ザナイツ', 'ザ・ナイツ']"
Wake Me Up,['Avicii'],True,2013,4:07,https://lh3.googleusercontent.com/XincHWEjkXhpbavoQEHWRbTcVdvHsujjr7OAw-73KUCILFgjLdevPW8vkoaRMibnwkTtGWkEDyKbuNeK=w544-h544-l90-rj,https://music.youtube.com/watch?v=2NiyrtYegso,https://www.youtube.com/watch?v=2NiyrtYegso,opus,48000,134.247,2,"['Avicii', 'アビーチー', 'アヴィーチー', 'True', 'Wake Me Up']"
Turing Love,"['NANAOAKARI', 'Sou']",Nanakorobi Nanaoki,2020,3:42,https://lh3.googleusercontent.com/ZP5Kon4NjafTQQK2JxBQFW9pER452LuksShQGVAdgEqFrF1bA8lr8PMzr7UBt5Pj8TIMAkQx4QNGTlAE=w544-h544-l90-rj,https://music.youtube.com/watch?v=npSw6gt4PqI,https://www.youtube.com/watch?v=npSw6gt4PqI,opus,48000,124.897,2,"['NANAOAKARI', 'ナナヲアカリ', 'Sou', 'ソウ', 'Nanakorobi Nanaoki', 'Turing Love']"
Seikai Wa Iranai,['NANAOAKARI'],Seikai Wa Iranai,2024,2:46,https://lh3.googleusercontent.com/whtFPk2JgdA4XDhZ8VFRn8HBlyHUbyZ4CZpUdFnsyKXr0Zm4jFhEjZSPE_TfgdDXqickFz9A7zMcu_3jfg=w544-h544-l90-rj,https://music.youtube.com/watch?v=q4OOOfD--kM,https://www.youtube.com/watch?v=q4OOOfD--kM,opus,48000,133.392,2,"['NANAOAKARI', 'ナナヲアカリ', 'Seikai Wa Iranai']"
Dadadada Tenshi,['NANAOAKARI'],Dadadada Tenshi,2017,3:39,https://lh3.googleusercontent.com/9Jg-mm5lzywFKOSM34DOET8ajqyYRMYjpsgKYI_zyUgILKJjdd7MPwPqXvTS5DlDqsnEAGNtw4xULrQ=w544-h544-l90-rj,https://music.youtube.com/watch?v=G4x9nsBTHJM,https://www.youtube.com/watch?v=G4x9nsBTHJM,opus,48000,133.339,2,"['NANAOAKARI', 'ナナヲアカリ', 'Dadadada Tenshi']"
Kien Romance,['NANAOAKARI'],Kien Romance,2023,3:42,https://lh3.googleusercontent.com/cMVIleJ5mGq5LQ5rN0Vcu8O_Sf8lnsQJVLSnwrAT_Ex0BjN4qJIvvfxrL5XtT-kpaRrOJ_SEya-hi7E=w544-h544-l90-rj,https://music.youtube.com/watch?v=9GGDbVHz3yU,https://www.youtube.com/watch?v=9GGDbVHz3yU,opus,48000,134.09,2,"['NANAOAKARI', 'ナナヲアカリ', 'Kien Romance']"
Love Brain,['NANAOAKARI'],Love Brain,2022,3:10,https://lh3.googleusercontent.com/HR9uzQccPkb9IQmoHShBI8yzeE6fktTSNZxG428UN_OsW7GUgKlVFtz_uulmEx3U5RVs2cCyCMfw3_M=w544-h544-l90-rj,https://music.youtube.com/watch?v=Whz2hsfmRW8,https://www.youtube.com/watch?v=Whz2hsfmRW8,opus,48000,134.588,2,"['NANAOAKARI', 'ナナヲアカリ', 'Love Brain']"
One Room Sugar Life,['NANAOAKARI'],Nanakorobi Nanaoki,2018,2:48,https://lh3.googleusercontent.com/ZP5Kon4NjafTQQK2JxBQFW9pER452LuksShQGVAdgEqFrF1bA8lr8PMzr7UBt5Pj8TIMAkQx4QNGTlAE=w544-h544-l90-rj,https://music.youtube.com/watch?v=6UGho1UN8J4,https://www.youtube.com/watch?v=6UGho1UN8J4,opus,48000,129.298,2,"['NANAOAKARI', 'ナナヲアカリ', 'Nanakorobi Nanaoki', 'One Room Sugar Life']"
Instant Heaven,"['NANAOAKARI', 'Eve']",iroiro iukedo iine ga hoshii,2018,3:47,https://lh3.googleusercontent.com/6SQ72hGq4L5Hy2bk099hAWuM3u36QUs-rwIAl0OUnRIwAI25ZMQMhcwU9qbdZH2zPX-Yr8eeOLPqQ7k8=w544-h544-l90-rj,https://music.youtube.com/watch?v=uOjCR0O0xr4,https://www.youtube.com/watch?v=uOjCR0O0xr4,opus,48000,128.79,2,"['NANAOAKARI', 'ナナヲアカリ', 'Eve', 'イヴ', 'iroiro iukedo iine ga hoshii', 'Instant Heaven']"
Zenbuhonto de Zenbuuso,['NANAOAKARI'],Zenbuhonto de Zenbuuso,2022,3:29,https://lh3.googleusercontent.com/rlAgyuE6tuoYPA7MkuiwplZO1VjtYBVOalQGbgY2shXgZiGRq2DdfpBREKadXuSvzP4KFMOj80bRgU-a=w544-h544-l90-rj,https://music.youtube.com/watch?v=3QJouby2QM0,https://www.youtube.com/watch?v=3QJouby2QM0,opus,48000,130.502,2,"['NANAOAKARI', 'ナナヲアカリ', 'Zenbuhonto de Zenbuuso']"
Kanzen Houki Sengen,['NANAOAKARI'],Nanakorobi Nanaoki,2020,4:26,https://lh3.googleusercontent.com/ZP5Kon4NjafTQQK2JxBQFW9pER452LuksShQGVAdgEqFrF1bA8lr8PMzr7UBt5Pj8TIMAkQx4QNGTlAE=w544-h544-l90-rj,https://music.youtube.com/watch?v=O1EiRHQtCeE,https://www.youtube.com/watch?v=O1EiRHQtCeE,opus,48000,125.226,2,"['NANAOAKARI', 'ナナヲアカリ', 'Nanakorobi Nanaoki', 'Kanzen Houki Sengen']"
Dhiscommyu seijin,['NANAOAKARI'],nekuraroid no tsukurikata,2016,3:31,https://lh3.googleusercontent.com/t_RqZig1H7QkjwNPvaAc4ptjtc07ajc-7pYnaLkSsV8z7PvvjKaMhKKAWUvT9ONrY6J-NjVbrVxNNjQ=w544-h544-l90-rj,https://music.youtube.com/watch?v=vnwWUdgRm78,https://www.youtube.com/watch?v=vnwWUdgRm78,opus,48000,130.99,2,"['NANAOAKARI', 'ナナヲアカリ', 'nekuraroid no tsukurikata', 'Dhiscommyu seijin']"
Gyakusou Girl,['NANAOAKARI'],Nanakorobi Nanaoki,2020,4:00,https://lh3.googleusercontent.com/ZP5Kon4NjafTQQK2JxBQFW9pER452LuksShQGVAdgEqFrF1bA8lr8PMzr7UBt5Pj8TIMAkQx4QNGTlAE=w544-h544-l90-rj,https://music.youtube.com/watch?v=zqXdyjs90xI,https://www.youtube.com/watch?v=zqXdyjs90xI,opus,48000,125.496,2,"['NANAOAKARI', 'ナナヲアカリ', 'Nanakorobi Nanaoki', 'Gyakusou Girl']"
Aigaaruyoudenaiyoudearu,['NANAOAKARI'],Aigaaruyoudenaiyoudearu,2021,2:56,https://lh3.googleusercontent.com/l0fj8wIgDDVJVqOYNr2n9Uez2U_an3Ksu3WgoZqiLVYIlEu7Nizddw2DqhpuSBlOSfx_QEWfoWPjXS8y=w544-h544-l90-rj,https://music.youtube.com/watch?v=y0z69ZYiXkU,https://www.youtube.com/watch?v=y0z69ZYiXkU,opus,48000,130.261,2,"['NANAOAKARI', 'ナナヲアカリ', 'Aigaaruyoudenaiyoudearu']"
Higher's High,['NANAOAKARI'],Nanakorobi Nanaoki,2020,3:33,https://lh3.googleusercontent.com/ZP5Kon4NjafTQQK2JxBQFW9pER452LuksShQGVAdgEqFrF1bA8lr8PMzr7UBt5Pj8TIMAkQx4QNGTlAE=w544-h544-l90-rj,https://music.youtube.com/watch?v=UGUaGWleuxU,https://www.youtube.com/watch?v=UGUaGWleuxU,opus,48000,124.469,2,"['NANAOAKARI', 'ナナヲアカリ', 'Nanakorobi Nanaoki', "Higher's High"]"
Meltic Hell,"['NANAOAKARI', 'Chogakusei']",Meltic Hell,2023,3:00,https://lh3.googleusercontent.com/wyoSNd5zOjW3NGubpHbLhFu2Y2kNahuytg_QL4_FxzmlLFWBgJ0YgbfBZ4u_5kTLats-R3v9AQ_hcNw=w544-h544-l90-rj,https://music.youtube.com/watch?v=8F3CAX5xCe4,https://www.youtube.com/watch?v=8F3CAX5xCe4,opus,48000,126.458,2,"['NANAOAKARI', 'ナナヲアカリ', 'Chogakusei', '超学生', 'チョウガクセイ', 'Meltic Hell']"
Meruheru Shouwakusei,['NANAOAKARI'],nekuraroid no aishikata,2017,3:31,https://lh3.googleusercontent.com/XOaxGk1nuRuiEPeB7VcdlY66AMaN6LVlg4xAGNshF8a5n-HN9R4AxnQXVYvEtb-e15HVLbqJcgY6_ME=w544-h544-l90-rj,https://music.youtube.com/watch?v=4_zGFSbj1Hk,https://www.youtube.com/watch?v=4_zGFSbj1Hk,opus,48000,134.948,2,"['NANAOAKARI', 'ナナヲアカリ', 'nekuraroid no aishikata', 'Meruheru Shouwakusei']"
happy ni naritai,['NANAOAKARI'],shiawase ni naritai,2016,3:26,https://lh3.googleusercontent.com/jZv9_gc1pFBS1yhPa3cwYHIz-YdMuRkpNvLnAgKfz8vzJm_FScPNzZY52KboHYrJQ4hUfDO_OstDuUSsgQ=w544-h544-l90-rj,https://music.youtube.com/watch?v=6G9kqxhdsEE,https://www.youtube.com/watch?v=6G9kqxhdsEE,opus,48000,127.591,2,"['NANAOAKARI', 'ナナヲアカリ', 'shiawase ni naritai', 'happy ni naritai']"
Baby I Hate you,['NANAOAKARI'],Baby I Hate you,2022,2:43,https://lh3.googleusercontent.com/adzGthdYSnpXMlxRfbRFJNrulYYEUqDDdKeU_U2zYt3IA6JFauFl4lI89jdf-zZm7AwYDoGXkXcHjBIGnA=w544-h544-l90-rj,https://music.youtube.com/watch?v=U4JAAShVuRg,https://www.youtube.com/watch?v=U4JAAShVuRg,opus,48000,126.946,2,"['NANAOAKARI', 'ナナヲアカリ', 'Baby I Hate you']"
Manneri Life,['NANAOAKARI'],nekuraroid no tsukurikata,2016,3:24,https://lh3.googleusercontent.com/t_RqZig1H7QkjwNPvaAc4ptjtc07ajc-7pYnaLkSsV8z7PvvjKaMhKKAWUvT9ONrY6J-NjVbrVxNNjQ=w544-h544-l90-rj,https://music.youtube.com/watch?v=E3GngMbKyo8,https://www.youtube.com/watch?v=E3GngMbKyo8,opus,48000,126.113,2,"['NANAOAKARI', 'ナナヲアカリ', 'nekuraroid no tsukurikata', 'Manneri Life']"
Lovemi,['NANAOAKARI'],Lovemi,2021,3:35,https://lh3.googleusercontent.com/u0Isj1x5h03U6hoMxeI6f0_xrJb--ZWua4h-DUescLl_d3ctC6CpavK2zO0OTN-aZVMU4ytXxXYe7-6Btw=w544-h544-l90-rj,https://music.youtube.com/watch?v=NHknjiv8IMA,https://www.youtube.com/watch?v=NHknjiv8IMA,opus,48000,124.63,2,"['NANAOAKARI', 'ナナヲアカリ', 'Lovemi']"
Yankee Dance,['NANAOAKARI'],Yankee Dance,2022,3:23,https://lh3.googleusercontent.com/X2a_kW3CVyy1ZfBdVwJu2s_t42N2PNTXJZqJRmQfVS3eO8qnv3SsDORBEtqGYhDsEbVq9LNTFu3FfrI=w544-h544-l90-rj,https://music.youtube.com/watch?v=Lskjjw-rxEY,https://www.youtube.com/watch?v=Lskjjw-rxEY,opus,48000,132.483,2,"['NANAOAKARI', 'ナナヲアカリ', 'Yankee Dance']"
Nnawake Naikedo,['NANAOAKARI'],nekuraroid no aishikata,2017,3:12,https://lh3.googleusercontent.com/XOaxGk1nuRuiEPeB7VcdlY66AMaN6LVlg4xAGNshF8a5n-HN9R4AxnQXVYvEtb-e15HVLbqJcgY6_ME=w544-h544-l90-rj,https://music.youtube.com/watch?v=UDkJWtwIn6o,https://www.youtube.com/watch?v=UDkJWtwIn6o,opus,48000,128.148,2,"['NANAOAKARI', 'ナナヲアカリ', 'nekuraroid no aishikata', 'Nnawake Naikedo']"
Reset Set,['NANAOAKARI'],DAMELEON,2019,3:34,https://lh3.googleusercontent.com/ODNkCdk4c2MRE1jsKurMZblbLjQEEnK9NMM5Z114kEKYEy4jWrhkajuDe-wa-DfSZSgJgti4kE8QYh09SA=w544-h544-l90-rj,https://music.youtube.com/watch?v=wQbzbxqFU9I,https://www.youtube.com/watch?v=wQbzbxqFU9I,opus,48000,125.632,2,"['NANAOAKARI', 'ナナヲアカリ', 'DAMELEON', 'Reset Set']"
Hano,['NANAOAKARI'],nekuraroid no aishikata,2017,3:14,https://lh3.googleusercontent.com/XOaxGk1nuRuiEPeB7VcdlY66AMaN6LVlg4xAGNshF8a5n-HN9R4AxnQXVYvEtb-e15HVLbqJcgY6_ME=w544-h544-l90-rj,https://music.youtube.com/watch?v=mhVPXibtI-k,https://www.youtube.com/watch?v=mhVPXibtI-k,opus,48000,126.401,2,"['NANAOAKARI', 'ナナヲアカリ', 'nekuraroid no aishikata', 'Hano']"
Dameleon Heart,['NANAOAKARI'],DAMELEON,2019,3:10,https://lh3.googleusercontent.com/ODNkCdk4c2MRE1jsKurMZblbLjQEEnK9NMM5Z114kEKYEy4jWrhkajuDe-wa-DfSZSgJgti4kE8QYh09SA=w544-h544-l90-rj,https://music.youtube.com/watch?v=gi0OazIxjK4,https://www.youtube.com/watch?v=gi0OazIxjK4,opus,48000,134.55,2,"['NANAOAKARI', 'ナナヲアカリ', 'DAMELEON', 'Dameleon Heart']"
Discommu seijin 2022 version,['NANAOAKARI'],Discommu seijin 2022 version,2022,3:31,https://lh3.googleusercontent.com/SkaI4q0zdgHHyExPCMUBU7rMXgcBU7pezIKiOsTmnx5tFkENOg-5PstnlEwPzLFRtgzHInOGIR64ahF-2A=w544-h544-l90-rj,https://music.youtube.com/watch?v=Pm_GmTD6TtE,https://www.youtube.com/watch?v=Pm_GmTD6TtE,opus,48000,133.086,2,"['NANAOAKARI', 'ナナヲアカリ', 'Discommu seijin 2022 version']"
Shiawase Syndrome,['NANAOAKARI'],Shiawase Syndrome,2019,3:32,https://lh3.googleusercontent.com/ld8xV45Ygy0NO0ykdyC3VJNGVOjPtXJtkk8dg8PNjtgN8kXXJBrOmcxjXixP6F5jB-tmMOYHxmZZHf8=w544-h544-l90-rj,https://music.youtube.com/watch?v=ptfjF6-gNVk,https://www.youtube.com/watch?v=ptfjF6-gNVk,opus,48000,131.275,2,"['NANAOAKARI', 'ナナヲアカリ', 'Shiawase Syndrome']"
Jewel,['NANAOAKARI'],Jewel,2024,3:10,https://lh3.googleusercontent.com/9tj8bagKQENDNRryViiH_oOeCt-XXy6s03SP67eBFoE1-eUhIzuhhCxBIu9DY0oMBkXsyCptzFj-5ZEG=w544-h544-l90-rj,https://music.youtube.com/watch?v=kiLMF0I1N3A,https://www.youtube.com/watch?v=kiLMF0I1N3A,opus,48000,141.677,2,"['NANAOAKARI', 'ナナヲアカリ', 'Jewel']"
Wasurenaide Baby,['NANAOAKARI'],Wasurenaide Baby,2023,3:26,https://lh3.googleusercontent.com/_kjOVaFKhTRYTijjPN94b1FN-0Rth1cMudE3mlGYD3_4aByijZFxxD0X3uPov0w0zFhv5lFhnk9VWt7j=w544-h544-l90-rj,https://music.youtube.com/watch?v=n6PrXpK4I7w,https://www.youtube.com/watch?v=n6PrXpK4I7w,opus,48000,132.232,2,"['NANAOAKARI', 'ナナヲアカリ', 'Wasurenaide Baby']"
GakkouDaruiGakkouDaruiGakkouDarui,['NANAOAKARI'],GakkouDaruiGakkouDaruiGakkouDarui,2021,3:35,https://lh3.googleusercontent.com/247WV5a6WHN5hlfJmLEuFVMxYD-XMl7p4gpng7bYjl5MCro9sPP5bKmMk-FHBOtYwb0dgZrPglU8POaY0Q=w544-h544-l90-rj,https://music.youtube.com/watch?v=J0wkXy-aSSI,https://www.youtube.com/watch?v=J0wkXy-aSSI,opus,48000,131.406,2,"['NANAOAKARI', 'ナナヲアカリ', 'GakkouDaruiGakkouDaruiGakkouDarui']"
Obake no ukenerai,['NANAOAKARI'],nekuraroid no aishikata,2017,3:49,https://lh3.googleusercontent.com/XOaxGk1nuRuiEPeB7VcdlY66AMaN6LVlg4xAGNshF8a5n-HN9R4AxnQXVYvEtb-e15HVLbqJcgY6_ME=w544-h544-l90-rj,https://music.youtube.com/watch?v=TDCY8BUkGzk,https://www.youtube.com/watch?v=TDCY8BUkGzk,opus,48000,133.028,2,"['NANAOAKARI', 'ナナヲアカリ', 'nekuraroid no aishikata', 'Obake no ukenerai']"
Yesman is Dead,['NANAOAKARI'],DAMELEON,2019,3:11,https://lh3.googleusercontent.com/ODNkCdk4c2MRE1jsKurMZblbLjQEEnK9NMM5Z114kEKYEy4jWrhkajuDe-wa-DfSZSgJgti4kE8QYh09SA=w544-h544-l90-rj,https://music.youtube.com/watch?v=Phl7cLVil58,https://www.youtube.com/watch?v=Phl7cLVil58,opus,48000,131.065,2,"['NANAOAKARI', 'ナナヲアカリ', 'DAMELEON', 'Yesman is Dead']"
Jishou To Kuusou,['NANAOAKARI'],nekuraroid no tsukurikata,2016,4:26,https://lh3.googleusercontent.com/t_RqZig1H7QkjwNPvaAc4ptjtc07ajc-7pYnaLkSsV8z7PvvjKaMhKKAWUvT9ONrY6J-NjVbrVxNNjQ=w544-h544-l90-rj,https://music.youtube.com/watch?v=4EA_4U93M08,https://www.youtube.com/watch?v=4EA_4U93M08,opus,48000,137.533,2,"['NANAOAKARI', 'ナナヲアカリ', 'nekuraroid no tsukurikata', 'Jishou To Kuusou']"
は ～とび～ とお ～ば～ ひ～～～～と！！！！,"['Nanahira', 'Camellia']",ふぉーす！,2017,4:14,https://lh3.googleusercontent.com/aZ-_8r6xRWZlakfphDX31Dx26NvrzSW71wTbSkXFJMOVSLWiBvF_x_oXrsiU0NVYmpUtFQwxZV5rHuw=w544-h544-l90-rj,https://music.youtube.com/watch?v=vb2BIho9VEY,https://www.youtube.com/watch?v=vb2BIho9VEY,opus,48000,126.765,2,"['Nanahira', 'ななひら', 'ナナヒラ', 'Camellia', 'かめりあ', 'カメリア', 'ふぉーす！', 'は ～とび～ とお ～ば～ ひ～～～～と！！！！']"
鉄道迷宮 ～抜け出せ、超宿駅～,"['Nanahira', 'Camellia']",ふぉーす！,2017,4:21,https://lh3.googleusercontent.com/aZ-_8r6xRWZlakfphDX31Dx26NvrzSW71wTbSkXFJMOVSLWiBvF_x_oXrsiU0NVYmpUtFQwxZV5rHuw=w544-h544-l90-rj,https://music.youtube.com/watch?v=5MQnDbJD8fo,https://www.youtube.com/watch?v=5MQnDbJD8fo,opus,48000,124.375,2,"['Nanahira', 'ななひら', 'ナナヒラ', 'Camellia', 'かめりあ', 'カメリア', 'ふぉーす！', '鉄道迷宮 ～抜け出せ、超宿駅～']"
Ta-Ti-Tu-Teatime!,"['Nanahira', 'Camellia']",ふぉーす！,2017,4:48,https://lh3.googleusercontent.com/aZ-_8r6xRWZlakfphDX31Dx26NvrzSW71wTbSkXFJMOVSLWiBvF_x_oXrsiU0NVYmpUtFQwxZV5rHuw=w544-h544-l90-rj,https://music.youtube.com/watch?v=RwzdKTAbZaA,https://www.youtube.com/watch?v=RwzdKTAbZaA,opus,48000,131.14,2,"['Nanahira', 'ななひら', 'ナナヒラ', 'Camellia', 'かめりあ', 'カメリア', 'ふぉーす！', 'Ta-Ti-Tu-Teatime!']"
ベースラインやってる？笑,"['Nanahira', 'Camellia']",ふぉーす！,2017,4:47,https://lh3.googleusercontent.com/aZ-_8r6xRWZlakfphDX31Dx26NvrzSW71wTbSkXFJMOVSLWiBvF_x_oXrsiU0NVYmpUtFQwxZV5rHuw=w544-h544-l90-rj,https://music.youtube.com/watch?v=1x2izJEN9p0,https://www.youtube.com/watch?v=1x2izJEN9p0,opus,48000,125.682,2,"['Nanahira', 'ななひら', 'ナナヒラ', 'Camellia', 'かめりあ', 'カメリア', 'ふぉーす！', 'ベースラインやってる？笑']"
You Make My Life 1UP (x127 Long ver.),"['Nanahira', 'Camellia']",ふぉーす！,2017,4:41,https://lh3.googleusercontent.com/aZ-_8r6xRWZlakfphDX31Dx26NvrzSW71wTbSkXFJMOVSLWiBvF_x_oXrsiU0NVYmpUtFQwxZV5rHuw=w544-h544-l90-rj,https://music.youtube.com/watch?v=GddGhcL5KFE,https://www.youtube.com/watch?v=GddGhcL5KFE,opus,48000,129.607,2,"['Nanahira', 'ななひら', 'ナナヒラ', 'Camellia', 'かめりあ', 'カメリア', 'ふぉーす！', 'You Make My Life 1UP (x127 Long ver.)']"
"senpai, notice me!","['Nanahira', 'Camellia']",ふぉーす！,2017,4:41,https://lh3.googleusercontent.com/aZ-_8r6xRWZlakfphDX31Dx26NvrzSW71wTbSkXFJMOVSLWiBvF_x_oXrsiU0NVYmpUtFQwxZV5rHuw=w544-h544-l90-rj,https://music.youtube.com/watch?v=_bp8NX7BAB0,https://www.youtube.com/watch?v=_bp8NX7BAB0,opus,48000,128.163,2,"['Nanahira ななひら ナナヒラ Camellia かめりあ カメリア ふぉーす！ senpai', 'notice me!']"
觀測衞曐,"['Nanahira', 'Camellia']",ふぉーす！,2017,4:43,https://lh3.googleusercontent.com/aZ-_8r6xRWZlakfphDX31Dx26NvrzSW71wTbSkXFJMOVSLWiBvF_x_oXrsiU0NVYmpUtFQwxZV5rHuw=w544-h544-l90-rj,https://music.youtube.com/watch?v=gpYAzEotlXI,https://www.youtube.com/watch?v=gpYAzEotlXI,opus,48000,129.596,2,"['Nanahira', 'ななひら', 'ナナヒラ', 'Camellia', 'かめりあ', 'カメリア', 'ふぉーす！', '觀測衞曐']"
IoT (※Internet of Things) の女神☆モノノン☆,"['Nanahira', 'Camellia']",ふぉーす！,2017,4:36,https://lh3.googleusercontent.com/aZ-_8r6xRWZlakfphDX31Dx26NvrzSW71wTbSkXFJMOVSLWiBvF_x_oXrsiU0NVYmpUtFQwxZV5rHuw=w544-h544-l90-rj,https://music.youtube.com/watch?v=7mgyzv3rp1g,https://www.youtube.com/watch?v=7mgyzv3rp1g,opus,48000,123.909,2,"['Nanahira', 'ななひら', 'ナナヒラ', 'Camellia', 'かめりあ', 'カメリア', 'ふぉーす！', 'IoT (※Internet of Things) の女神☆モノノン☆']"
人間 vs. 球投げロボットたまちゃんのキャッチボール対決,"['Nanahira', 'Camellia']",ふぉーす！,2017,4:45,https://lh3.googleusercontent.com/aZ-_8r6xRWZlakfphDX31Dx26NvrzSW71wTbSkXFJMOVSLWiBvF_x_oXrsiU0NVYmpUtFQwxZV5rHuw=w544-h544-l90-rj,https://music.youtube.com/watch?v=VQChxodQfc4,https://www.youtube.com/watch?v=VQChxodQfc4,opus,48000,126.324,2,"['Nanahira', 'ななひら', 'ナナヒラ', 'Camellia', 'かめりあ', 'カメリア', 'ふぉーす！', '人間 vs. 球投げロボットたまちゃんのキャッチボール対決']"
ふぉーす！,"['Nanahira', 'Camellia']",ふぉーす！,2017,5:09,https://lh3.googleusercontent.com/aZ-_8r6xRWZlakfphDX31Dx26NvrzSW71wTbSkXFJMOVSLWiBvF_x_oXrsiU0NVYmpUtFQwxZV5rHuw=w544-h544-l90-rj,https://music.youtube.com/watch?v=ZsaPdoArcRs,https://www.youtube.com/watch?v=ZsaPdoArcRs,opus,48000,126.212,2,"['Nanahira', 'ななひら', 'ナナヒラ', 'Camellia', 'かめりあ', 'カメリア', 'ふぉーす！']"
プレゼント,"['Nanahira', 'Camellia']",ふぉーす！,2017,4:47,https://lh3.googleusercontent.com/aZ-_8r6xRWZlakfphDX31Dx26NvrzSW71wTbSkXFJMOVSLWiBvF_x_oXrsiU0NVYmpUtFQwxZV5rHuw=w544-h544-l90-rj,https://music.youtube.com/watch?v=KUSiL4IeeNE,https://www.youtube.com/watch?v=KUSiL4IeeNE,opus,48000,129.965,2,"['Nanahira', 'ななひら', 'ナナヒラ', 'Camellia', 'かめりあ', 'カメリア', 'ふぉーす！', 'プレゼント']"
月燈籠 (Lite Show Magic Remix),"['Nanahira', 'Camellia']",ふぉーす！,2017,4:04,https://lh3.googleusercontent.com/aZ-_8r6xRWZlakfphDX31Dx26NvrzSW71wTbSkXFJMOVSLWiBvF_x_oXrsiU0NVYmpUtFQwxZV5rHuw=w544-h544-l90-rj,https://music.youtube.com/watch?v=xHy7riNzpuE,https://www.youtube.com/watch?v=xHy7riNzpuE,opus,48000,131.448,2,"['Nanahira', 'ななひら', 'ナナヒラ', 'Camellia', 'かめりあ', 'カメリア', 'ふぉーす！', '月燈籠 (Lite Show Magic Remix)']"
Looking For A New Adventure (The 4th Remix),"['Nanahira', 'Camellia']",ふぉーす！,2017,5:12,https://lh3.googleusercontent.com/aZ-_8r6xRWZlakfphDX31Dx26NvrzSW71wTbSkXFJMOVSLWiBvF_x_oXrsiU0NVYmpUtFQwxZV5rHuw=w544-h544-l90-rj,https://music.youtube.com/watch?v=a0PAW6Ro12o,https://www.youtube.com/watch?v=a0PAW6Ro12o,opus,48000,128.622,2,"['Nanahira', 'ななひら', 'ナナヒラ', 'Camellia', 'かめりあ', 'カメリア', 'ふぉーす！', 'Looking For A New Adventure (The 4th Remix)']"
【高音質】魔力エネルギーで激ヤバ最強音質！マジカルオーディオ なんばーわん！ (128kbps),"['Camellia', 'Nanahira']",ごーいん！,2019,5:20,https://lh3.googleusercontent.com/wnV18IcE-0F-2r6gc3mXRVH14ULcTuu0YWtm-c4GMbWQ06fMR9tjaGeGJwDwfpcHfQ-GMQqUIZqdQOGQ=w544-h544-l90-rj,https://music.youtube.com/watch?v=WFcGXT1C2Wg,https://www.youtube.com/watch?v=WFcGXT1C2Wg,opus,48000,125.281,2,"['Camellia', 'かめりあ', 'カメリア', 'Nanahira', 'ななひら', 'ナナヒラ', 'ごーいん！', '【高音質】魔力エネルギーで激ヤバ最強音質！マジカルオーディオ なんばーわん！ (128kbps)']"
チ・ー・ズ・バ・ク・ダ・ン,"['Camellia', 'Nanahira']",ごーいん！,2019,4:20,https://lh3.googleusercontent.com/wnV18IcE-0F-2r6gc3mXRVH14ULcTuu0YWtm-c4GMbWQ06fMR9tjaGeGJwDwfpcHfQ-GMQqUIZqdQOGQ=w544-h544-l90-rj,https://music.youtube.com/watch?v=TXSCEQteMVg,https://www.youtube.com/watch?v=TXSCEQteMVg,opus,48000,124.815,2,"['Camellia', 'かめりあ', 'カメリア', 'Nanahira', 'ななひら', 'ナナヒラ', 'ごーいん！', 'チ・ー・ズ・バ・ク・ダ・ン']"
闇鍋《ダークネス・インフェルノ》降臨 ──煮よ、我が魂──,"['Camellia', 'Nanahira']",ごーいん！,2019,4:47,https://lh3.googleusercontent.com/wnV18IcE-0F-2r6gc3mXRVH14ULcTuu0YWtm-c4GMbWQ06fMR9tjaGeGJwDwfpcHfQ-GMQqUIZqdQOGQ=w544-h544-l90-rj,https://music.youtube.com/watch?v=AX4WF75NKOk,https://www.youtube.com/watch?v=AX4WF75NKOk,opus,48000,123.179,2,"['Camellia', 'かめりあ', 'カメリア', 'Nanahira', 'ななひら', 'ナナヒラ', 'ごーいん！', '闇鍋《ダークネス・インフェルノ》降臨 ──煮よ、我が魂──']"
インターネットが遅いさん (Super-Slow-Internet-san),"['Camellia', 'Nanahira']",ごーいん！,2019,4:05,https://lh3.googleusercontent.com/wnV18IcE-0F-2r6gc3mXRVH14ULcTuu0YWtm-c4GMbWQ06fMR9tjaGeGJwDwfpcHfQ-GMQqUIZqdQOGQ=w544-h544-l90-rj,https://music.youtube.com/watch?v=wVtBknMeNhA,https://www.youtube.com/watch?v=wVtBknMeNhA,opus,48000,138.278,2,"['Camellia', 'かめりあ', 'カメリア', 'Nanahira', 'ななひら', 'ナナヒラ', 'ごーいん！', 'インターネットが遅いさん (Super-Slow-Internet-san)']"
「はい」って言ったら常軌を逸して速くなる曲,"['Camellia', 'Nanahira']",ごーいん！,2019,4:51,https://lh3.googleusercontent.com/wnV18IcE-0F-2r6gc3mXRVH14ULcTuu0YWtm-c4GMbWQ06fMR9tjaGeGJwDwfpcHfQ-GMQqUIZqdQOGQ=w544-h544-l90-rj,https://music.youtube.com/watch?v=X56AQtBcqDE,https://www.youtube.com/watch?v=X56AQtBcqDE,opus,48000,123.971,2,"['Camellia', 'かめりあ', 'カメリア', 'Nanahira', 'ななひら', 'ナナヒラ', 'ごーいん！', '「はい」って言ったら常軌を逸して速くなる曲']"
NANI THE FUCK!!,"['Camellia', 'Nanahira']",ごーいん！,2019,4:21,https://lh3.googleusercontent.com/wnV18IcE-0F-2r6gc3mXRVH14ULcTuu0YWtm-c4GMbWQ06fMR9tjaGeGJwDwfpcHfQ-GMQqUIZqdQOGQ=w544-h544-l90-rj,https://music.youtube.com/watch?v=lQzu4721Cvw,https://www.youtube.com/watch?v=lQzu4721Cvw,opus,48000,124.753,2,"['Camellia', 'かめりあ', 'カメリア', 'Nanahira', 'ななひら', 'ナナヒラ', 'ごーいん！', 'NANI THE FUCK!!']"
透靈蕐,"['Camellia', 'Nanahira']",ごーいん！,2019,4:30,https://lh3.googleusercontent.com/wnV18IcE-0F-2r6gc3mXRVH14ULcTuu0YWtm-c4GMbWQ06fMR9tjaGeGJwDwfpcHfQ-GMQqUIZqdQOGQ=w544-h544-l90-rj,https://music.youtube.com/watch?v=ysz1E0mT1ik,https://www.youtube.com/watch?v=ysz1E0mT1ik,opus,48000,127.99,2,"['Camellia', 'かめりあ', 'カメリア', 'Nanahira', 'ななひら', 'ナナヒラ', 'ごーいん！', '透靈蕐']"
Nyan loves you♡,"['Camellia', 'Nanahira']",ごーいん！,2019,4:23,https://lh3.googleusercontent.com/wnV18IcE-0F-2r6gc3mXRVH14ULcTuu0YWtm-c4GMbWQ06fMR9tjaGeGJwDwfpcHfQ-GMQqUIZqdQOGQ=w544-h544-l90-rj,https://music.youtube.com/watch?v=7U35uu6n_1U,https://www.youtube.com/watch?v=7U35uu6n_1U,opus,48000,128.026,2,"['Camellia', 'かめりあ', 'カメリア', 'Nanahira', 'ななひら', 'ナナヒラ', 'ごーいん！', 'Nyan loves you♡']"
クリスマスなんて興味ないけど,"['Camellia', 'Nanahira']",ごーいん！,2019,4:33,https://lh3.googleusercontent.com/wnV18IcE-0F-2r6gc3mXRVH14ULcTuu0YWtm-c4GMbWQ06fMR9tjaGeGJwDwfpcHfQ-GMQqUIZqdQOGQ=w544-h544-l90-rj,https://music.youtube.com/watch?v=Q_x76_FWVtU,https://www.youtube.com/watch?v=Q_x76_FWVtU,opus,48000,128.524,2,"['Camellia', 'かめりあ', 'カメリア', 'Nanahira', 'ななひら', 'ナナヒラ', 'ごーいん！', 'クリスマスなんて興味ないけど']"
ごーいん！,"['Camellia', 'Nanahira']",ごーいん！,2019,5:02,https://lh3.googleusercontent.com/wnV18IcE-0F-2r6gc3mXRVH14ULcTuu0YWtm-c4GMbWQ06fMR9tjaGeGJwDwfpcHfQ-GMQqUIZqdQOGQ=w544-h544-l90-rj,https://music.youtube.com/watch?v=3hsVAnmvIGA,https://www.youtube.com/watch?v=3hsVAnmvIGA,opus,48000,123.792,2,"['Camellia', 'かめりあ', 'カメリア', 'Nanahira', 'ななひら', 'ナナヒラ', 'ごーいん！']"
"senpai, notice me! (YUC'e Remix)","['Camellia', 'Nanahira']",ごーいん！,2019,3:29,https://lh3.googleusercontent.com/wnV18IcE-0F-2r6gc3mXRVH14ULcTuu0YWtm-c4GMbWQ06fMR9tjaGeGJwDwfpcHfQ-GMQqUIZqdQOGQ=w544-h544-l90-rj,https://music.youtube.com/watch?v=VkkoFZuS8Xg,https://www.youtube.com/watch?v=VkkoFZuS8Xg,opus,48000,133.061,2,"['Camellia かめりあ カメリア Nanahira ななひら ナナヒラ ごーいん！ senpai', "notice me! (YUC'e Remix)"]"
ベースラインやってる？笑 (Cranky Remix),"['Camellia', 'Nanahira']",ごーいん！,2019,4:48,https://lh3.googleusercontent.com/wnV18IcE-0F-2r6gc3mXRVH14ULcTuu0YWtm-c4GMbWQ06fMR9tjaGeGJwDwfpcHfQ-GMQqUIZqdQOGQ=w544-h544-l90-rj,https://music.youtube.com/watch?v=g6zFL6UcWqw,https://www.youtube.com/watch?v=g6zFL6UcWqw,opus,48000,122.691,2,"['Camellia', 'かめりあ', 'カメリア', 'Nanahira', 'ななひら', 'ナナヒラ', 'ごーいん！', 'ベースラインやってる？笑 (Cranky Remix)']"
Exit This Earth's Atomosphere,['Camellia'],PLANET / / SHAPER,2015,5:32,https://lh3.googleusercontent.com/7W4z9ckaL0-2Pl5WiePrvS1BI91-3Gn61v3zspjHVX4AVlNB4Scjdn667FfWzP3KH6uDAswxzXTNCdjY=w544-h544-l90-rj,https://music.youtube.com/watch?v=hqvH9uinjVM,https://www.youtube.com/watch?v=hqvH9uinjVM,opus,48000,127.716,2,"['Camellia', 'かめりあ', 'カメリア', 'PLANET / / SHAPER', "Exit This Earth's Atomosphere"]"
M1LLI0N PP,['Camellia'],Tera I / O,2020,7:11,https://lh3.googleusercontent.com/hSLiVOV0P68gVhj2CzZcrnKvH3i2MNIs4ZtMm-3JfvaKx-s5L5VXeZOTys2Lv9ojBCApm0ZcM2vijtr8EA=w544-h544-l90-rj,https://music.youtube.com/watch?v=3z6isNGS6aI,https://www.youtube.com/watch?v=3z6isNGS6aI,opus,48000,123.481,2,"['Camellia', 'かめりあ', 'カメリア', 'Tera I / O', 'M1LLI0N PP']"
Shuwa*Shuwa Parfait,['Nanahira'],Shuwa*Shuwa Parfait,2019,3:46,https://lh3.googleusercontent.com/VjSLBFAua09sNqkfsCJRXh3nLCwzmBZjrI9hUqr-7262BTfxhD7ZrJ5na5-VnyUXcABuYvNXZzZC7yeg=w544-h544-l90-rj,https://music.youtube.com/watch?v=0TObhWAgYuw,https://www.youtube.com/watch?v=0TObhWAgYuw,opus,48000,129.982,2,"['Nanahira', 'ななひら', 'ナナヒラ', 'Shuwa*Shuwa Parfait']"
お願い！コンコンお稲荷さま,['Nanahira'],トリップ×フロリック,2019,4:05,https://lh3.googleusercontent.com/GM22V5X0k0PrVdnH_xSncqcf8GGdO-21qtD-eHdaQuyuTP1OJ1bUukCluaIrNwfBCLCRMtpytGXX5V6Gow=w544-h544-l90-rj,https://music.youtube.com/watch?v=pQsQa7nrZnM,https://www.youtube.com/watch?v=pQsQa7nrZnM,opus,48000,125.094,2,"['Nanahira', 'ななひら', 'ナナヒラ', 'トリップ×フロリック', 'お願い！コンコンお稲荷さま']"
FULLFLAVOR音頭,"['Camellia', 'Nanahira']",FULLFLAVOR音頭,2022,4:06,https://lh3.googleusercontent.com/ECAEwarGAUy2hPl-Q3pOTYUoUra0W7NGzeH3tb6uVWFETG1zn2FKRtOb1BekUX-dCaN_LIXgDzjmRcpX=w544-h544-l90-rj,https://music.youtube.com/watch?v=EQY6dfnwJ7g,https://www.youtube.com/watch?v=EQY6dfnwJ7g,opus,48000,128.568,2,"['Camellia', 'かめりあ', 'カメリア', 'Nanahira', 'ななひら', 'ナナヒラ', 'FULLFLAVOR音頭']"
ONOMATO Pairing!!! (SSLong ver.),"['t+pazolite', 'nanahira']",Screamin' Showcase,2021,3:14,https://lh3.googleusercontent.com/0mPGZxHVghqLVsdWR5VScPSxRZ96xfAeRGZxupSbSRIDf0ZtHsizsF19NHItJ2bcd5MPBkph6icZxy74=w544-h544-l90-rj,https://music.youtube.com/watch?v=mpX1kn8vcqc,https://www.youtube.com/watch?v=mpX1kn8vcqc,opus,48000,132.128,2,"['t+pazolite', 'トパゾライト', 'nanahira', 'ななひら', 'ナナヒラ', "Screamin' Showcase", 'ONOMATO Pairing!!! (SSLong ver.)']"
アイツラゲイナゲイン,"['t+pazolite', 'nanahira']",Screamin' Showcase,2021,3:08,https://lh3.googleusercontent.com/0mPGZxHVghqLVsdWR5VScPSxRZ96xfAeRGZxupSbSRIDf0ZtHsizsF19NHItJ2bcd5MPBkph6icZxy74=w544-h544-l90-rj,https://music.youtube.com/watch?v=7n32zEpI31o,https://www.youtube.com/watch?v=7n32zEpI31o,opus,48000,127.819,2,"['t+pazolite', 'トパゾライト', 'nanahira', 'ななひら', 'ナナヒラ', "Screamin' Showcase", 'アイツラゲイナゲイン']"
ミッドナイト、スターライト,['Nanahira'],Midnight Future,2020,3:15,https://lh3.googleusercontent.com/K41eDVe1LZbtk-DGNtUYuCofqWsA9IFMmRksfab4x9OWlnaHeWKonuQMmB6mcM3zpX7QsGEGt5KDzz-AlA=w544-h544-l90-rj,https://music.youtube.com/watch?v=5lUvv1NJyA8,https://www.youtube.com/watch?v=5lUvv1NJyA8,opus,48000,129.435,2,"['Nanahira', 'ななひら', 'ナナヒラ', 'Midnight Future', 'ミッドナイト、スターライト']"
フォビどぅん・ピザ！,"['Camellia', 'Nanahira']",フォビどぅん・ピザ！,2022,2:31,https://lh3.googleusercontent.com/XuzGn3YmC1uUmBj1HSh9k7ad4pOTH761pKGaCBPzak7mitTSq_7wxNbzNvL_Gchm19GF_d2U_QmL9Xzf=w544-h544-l90-rj,https://music.youtube.com/watch?v=bU5qktr2P_A,https://www.youtube.com/watch?v=bU5qktr2P_A,opus,48000,126.368,2,"['Camellia', 'かめりあ', 'カメリア', 'Nanahira', 'ななひら', 'ナナヒラ', 'フォビどぅん・ピザ！']"
ボーカルに無茶させんな,"['t+pazolite', 'Nanahira']",ボーカルに無茶させんな,2022,2:28,https://lh3.googleusercontent.com/T_JgXpQxcnlUrnMvG_VG3ho_IDq-OI3VNMM-qOnIC5bGXMCMIjwP5ewXbgWpg7PO0a9Sly1TcY9Ygx-Y=w544-h544-l90-rj,https://music.youtube.com/watch?v=b5tjtYfarA4,https://www.youtube.com/watch?v=b5tjtYfarA4,opus,48000,125.337,2,"['t+pazolite', 'トパゾライト', 'Nanahira', 'ななひら', 'ナナヒラ', 'ボーカルに無茶させんな']"
Ange du Blanc Pur,['Nanahira'],Colory Starry,2015,4:03,https://lh3.googleusercontent.com/2KoJ08gRPBrLuF0DWl-7Qdg7HJGQPIb2gwHEi9etpudbyfFt7Biid6s5rQG80WaeWf12FirfQd0z2Qnm=w544-h544-l90-rj,https://music.youtube.com/watch?v=5bfbmDB8rMM,https://www.youtube.com/watch?v=5bfbmDB8rMM,opus,48000,132.074,2,"['Nanahira', 'ななひら', 'ナナヒラ', 'Colory Starry', 'Ange du Blanc Pur']"
