Wake Me Up,['Avicii'],True,2013,4:07,https://lh3.googleusercontent.com/XincHWEjkXhpbavoQEHWRbTcVdvHsujjr7OAw-73KUCILFgjLdevPW8vkoaRMibnwkTtGWkEDyKbuNeK=w544-h544-l90-rj,https://music.youtube.com/watch?v=2NiyrtYegso,"['Avicii', 'アビーチー', 'アヴィーチー', 'True', 'Wake Me Up']"
Waiting For Love,['Avicii'],Stories,2015,3:51,https://lh3.googleusercontent.com/gNvQI_me1i5v3oXEaJCPYpjhYj5yQSObQNnKsBYTZhWqax62D6AslMc1z7Euvl2r6wnvuqWeLzFGUv5R=w544-h544-l90-rj,https://music.youtube.com/watch?v=iR1sAex__VA,"['Avicii', 'アビーチー', 'アヴィーチー', 'Stories', 'Waiting For Love']"
The Nights,['Avicii'],The Days / Nights,2014,2:57,https://lh3.googleusercontent.com/bPQAXtxg9kp3_2RPlgtnezp5opZgYFUGQNTnZLEd_131df6T3Nht7Jo3Tx44WwseRUYPe8OeApHM88S50A=w544-h544-l90-rj,https://music.youtube.com/watch?v=W4C-NEWrnSQ,"['Avicii', 'アビーチー', 'アヴィーチー', 'The Days / Nights', 'ザ・デイズ', '（ヘンリック・ビー', 'リミックス）', 'ザ・デイズ (ヘンリック・ビー リミックス)', 'The Nights', 'ザナイツ', 'ザ・ナイツ']"
Levels (Radio Edit),['Avicii'],Levels,2011,3:20,https://lh3.googleusercontent.com/bsPieoSMF402F_05hHOq7FITGDPllsNcBnjPE0WUi6T2a4A130z6qqjJLCEV10kE1pCSGBxKt0Bdgfkc=w544-h544-l90-rj,https://music.youtube.com/watch?v=xAgv1mAyxr8,"['Avicii', 'アビーチー', 'アヴィーチー', 'Levels', 'レベルズ', 'レヴェルズ']"
Addicted To You,['Avicii'],True,2013,2:28,https://lh3.googleusercontent.com/XincHWEjkXhpbavoQEHWRbTcVdvHsujjr7OAw-73KUCILFgjLdevPW8vkoaRMibnwkTtGWkEDyKbuNeK=w544-h544-l90-rj,https://music.youtube.com/watch?v=nYuVZPV4vTw,"['Avicii', 'アビーチー', 'アヴィーチー', 'True', 'Addicted To You']"
Polska (feat. Frequ & Ninka),"['Alan Aztec', 'Frequ', 'Ninka']",Polska (feat. Frequ & Ninka),None,2:41,https://lh3.googleusercontent.com/Jg49a8ZJvFLxVK2CRLqWDXDxLAqQcTYz3WzSU2O5815VUR-LwDAW9pdgxLnXaq46YT-Vfq5FOQLKdlw=w544-h544-l90-rj,https://music.youtube.com/watch?v=DGURcH8Ep54,"['Alan Aztec', 'Frequ', 'Ninka', 'Polska (feat. Frequ & Ninka)']"
Lone Digger,['Caravan Palace'],ᐸI°_°Iᐳ,None,3:50,https://lh3.googleusercontent.com/5CPDYb_cQBkMZg1TbEvC-CVKko7z6ZwfdxZdGb5kOQ3Iqfnc1s8AKEAZ0by8HFxkakKheB43w2QrRBli=w544-h544-l90-rj,https://music.youtube.com/watch?v=36A-ZjOpui8,"['Caravan Palace', 'I°_°I', 'Lone Digger']"
Get Lucky (Radio Edit - feat. Pharrell Williams and Nile Rodgers),"['Daft Punk', 'Pharrell Williams', 'Nile Rodgers']",Get Lucky,2013,4:08,https://lh3.googleusercontent.com/HqegqT4tr2u0IsOqAmUgILJunBwHHkjl9s5L7t02ZFcGsRQpqKtmM7YlkeqzDdXi926mNvAn2UJu48s=w544-h544-l90-rj,https://music.youtube.com/watch?v=Rgrt_8mXrK8,"['Daft Punk', 'Pharrell Williams', 'ファレルウィリアムス', 'P. Williams', 'Nile Rodgers', 'Get Lucky']"
"Harder, Better, Faster, Stronger",['Daft Punk'],Discovery,2001,3:45,https://lh3.googleusercontent.com/6Qy_3-Unlf67FwRfF75ghzWw__5wmbJjAg7x6p8qQqMdRxvvFCEmyFlEedmbunivDbF-yUEXbb3AVI0=w544-h544-l90-rj,https://music.youtube.com/watch?v=JhulBGMA7G4,"['Daft Punk Discovery Harder', 'Better', 'Faster', 'Stronger']"
Sandstorm (Radio Edit),"['Darude', 'Jaakko Salovaara', 'Ville Virtanen']",Sandstorm,1999,3:47,https://lh3.googleusercontent.com/HlWb77FFvgiZQMlPXcucuzsob-pNBi0mCUZKEX_6uUz0hackCup2KryXVOtCoorgQkOnAxOQQ77yUag=w544-h544-l90-rj,https://music.youtube.com/watch?v=XjvkxXblpz8,"['Darude', 'Jaakko Salovaara', 'Ville Virtanen', 'Sandstorm']"
U Got That,['Halogen'],U Got That,2019,3:08,https://lh3.googleusercontent.com/F2XEA50gG7OJdo-dyh838cfwkpwvvR2UKjIXgvGg9MRhVBpPAHLS77sJTiZOe77SkR6luVKUVXBa7qw=w544-h544-l90-rj,https://music.youtube.com/watch?v=VLzt3giUTbM,"['Halogen', 'U Got That']"
Party Rock Anthem,"['LMFAO', 'Lauren Bennett', 'GoonRock']",Sorry For Party Rocking,2011,4:22,https://lh3.googleusercontent.com/WYiyodFxahKF1-W9C3IbH3gZ6T6l98gjFYHaY5SRyQdE1v61BnQICcTs3xYvJviFUlgzRvEDt0jiXzE=w544-h544-l90-rj,https://music.youtube.com/watch?v=kmioyMNkgx4,"['LMFAO', 'エルエムエフエイオー', 'Lauren Bennett', 'ローレンベネット', 'ローレン・ベネット', 'GoonRock', 'グーンロック', 'Sorry For Party Rocking', 'Party Rock Anthem']"
Sexy And I Know It,['LMFAO'],Sorry For Party Rocking,2011,3:19,https://lh3.googleusercontent.com/WYiyodFxahKF1-W9C3IbH3gZ6T6l98gjFYHaY5SRyQdE1v61BnQICcTs3xYvJviFUlgzRvEDt0jiXzE=w544-h544-l90-rj,https://music.youtube.com/watch?v=evHIaUZ0KtQ,"['LMFAO', 'エルエムエフエイオー', 'Sorry For Party Rocking', 'Sexy And I Know It']"
Bonfire,['Knife Party'],Rage Valley,2012,4:32,https://lh3.googleusercontent.com/FXDLX-m4ZeC48SLHnovf99ULnTd8SgKfQxHr0pg6f4X0E_YJOYj_7TGIonF9uNEeyDQSMr_3gnKtiWT1VA=w544-h544-l90-rj,https://music.youtube.com/watch?v=1K34tUud318,"['Knife Party', 'Rage Valley', 'Bonfire']"
Centipede,['Knife Party'],Rage Valley,2012,4:07,https://lh3.googleusercontent.com/FXDLX-m4ZeC48SLHnovf99ULnTd8SgKfQxHr0pg6f4X0E_YJOYj_7TGIonF9uNEeyDQSMr_3gnKtiWT1VA=w544-h544-l90-rj,https://music.youtube.com/watch?v=FnSksligs4I,"['Knife Party', 'Rage Valley', 'Centipede']"
Internet Friends,['Knife Party'],100% No Modern Talking,2012,5:01,https://lh3.googleusercontent.com/ViHyTT6wBHJrymuluoZgzy0mbWdmZchj556evRezqVB2Gjx6BGM72RidXVdwopaj0aTwGFXobbZIkFcWCQ=w544-h544-l90-rj,https://music.youtube.com/watch?v=0IHBCxs7QPE,"['Knife Party', '100% No Modern Talking', 'Internet Friends']"
Give It Up,['Knife Party'],Abandon Ship,2014,4:11,https://lh3.googleusercontent.com/RQUfr0IyigNmEEl-QZTS8b9040UWz860fD3L_nnrx79vYH11xSAdMsaTlmTNYyoLBBpnthyrm92XmND8=w544-h544-l90-rj,https://music.youtube.com/watch?v=D5QqLfFxlOs,"['Knife Party', 'Abandon Ship', 'Give It Up']"
Rage Valley,['Knife Party'],Rage Valley,2012,4:59,https://lh3.googleusercontent.com/FXDLX-m4ZeC48SLHnovf99ULnTd8SgKfQxHr0pg6f4X0E_YJOYj_7TGIonF9uNEeyDQSMr_3gnKtiWT1VA=w544-h544-l90-rj,https://music.youtube.com/watch?v=BA77hy_jl4c,"['Knife Party', 'Rage Valley']"
Beep Beep I'm a Sheep (feat. TomSka & Black Gryph0n),"['LilDeuceDeuce', 'TomSka', 'Black Gryph0n']",Beep Beep I'm a Sheep (feat. TomSka & Black Gryph0n),None,2:12,https://lh3.googleusercontent.com/ygeUJGRbo4tksuuT8SsXC-bHZKP52i5pKs1JQ-7k1IeFV90yQqjEUv08f0MHEc-GoumMhCsMy2eYeWO6=w544-h544-l90-rj,https://music.youtube.com/watch?v=1aI1ukTjkfc,"['LilDeuceDeuce', 'TomSka', 'Black Gryph0n', ""Beep Beep I'm a Sheep (feat. TomSka & Black Gryph0n)""]"
Windwaker (Original Mix),['Mord Fustang'],All Eyes On Mord Fustang,2014,5:29,https://lh3.googleusercontent.com/qIiZPIx3YMwW9E_csTJYEp5z9LxQ43PRPOZ4VwaM30dPhexMSea_2kBQs-ne3J6HTENPpuCMlxqWGAka6A=w544-h544-l90-rj,https://music.youtube.com/watch?v=RmlDd0zI6Jk,"['Mord', 'Fustang', 'All', 'Eyes', 'On', 'Windwaker', '(Original', 'Mix)']"
Lick The Rainbow (Original Mix),['Mord Fustang'],Lick The Rainbow,2014,7:02,https://lh3.googleusercontent.com/XCyx-MDrohbVljaweG0VGGaPwReE-UEv2SYm5WVTOWcOH-C53yLZj6wHjPRB3uIhhYQ5LuOZg4n98bq-=w544-h544-l90-rj,https://music.youtube.com/watch?v=JbZDe7HC5N8,"['Mord', 'Fustang', 'Lick', 'The', 'Rainbow', '(Original', 'Mix)']"
Diamonds,['Mord Fustang'],Diamonds,None,3:14,https://lh3.googleusercontent.com/hjB3YMkmTiuJntL9dJE8nGkAT_oVOo4VlS4_yvlvLOIV53hpPwSs966L6HufjVk0bBkJ2r8hMHVdvoMU=w544-h544-l90-rj,https://music.youtube.com/watch?v=Ew-JkxeXvB0,"['Mord Fustang', 'Diamonds']"
The Electric Dream (Original Mix),['Mord Fustang'],The Electric Dream,2014,5:02,https://lh3.googleusercontent.com/79P8OoDPsLeqplNe9s92JvQnMtzpx5Zr_Z0f5SF7IfwcOoMjfvZZbVpVIkqIsUL0vVFNT4gtqEi5hekOEA=w544-h544-l90-rj,https://music.youtube.com/watch?v=Wwe4mwFGbk4,"['Mord', 'Fustang', 'The', 'Electric', 'Dream', '(Original', 'Mix)']"
Milky Way (Original Mix),['Mord Fustang'],Milky Way,2014,6:01,https://lh3.googleusercontent.com/zbXEgDc1K_VEjWCdfYmX0uQdDTLD0Ari4Z5gt3PNKbuInoRpm0UFLH3OKlA-t4Yl_DcYhi_XDNf1o24=w544-h544-l90-rj,https://music.youtube.com/watch?v=TfD15o6X0jw,"['Mord', 'Fustang', 'Milky', 'Way', '(Original', 'Mix)']"
Taito (Original Mix),['Mord Fustang'],Taito,2014,6:18,https://lh3.googleusercontent.com/Ua0jBMntqtFWeV4hJ_4yvVq7nRrmNsfLKZOALVBiduPuZdY4utgAXC1DqdhWTS6z0yKv9jx1HwFxOyo=w544-h544-l90-rj,https://music.youtube.com/watch?v=9RUPqimDjjo,"['Mord', 'Fustang', 'Taito', '(Original', 'Mix)']"
Magic Trooper (Original Mix),['Mord Fustang'],Magic Trooper,2014,5:14,https://lh3.googleusercontent.com/xfsURVzXqHJFQ_H-kU_Zuq6jbioZD5XiZmXLB0lriXNdOp1bHcz2EHdj4bQ2rn01Q47T8Se_QExyjrY=w544-h544-l90-rj,https://music.youtube.com/watch?v=0yRWOnrXzN8,"['Mord', 'Fustang', 'Magic', 'Trooper', '(Original', 'Mix)']"
Super Meat Freeze (Original Mix),['Mord Fustang'],Super Meat Freeze,2014,5:17,https://lh3.googleusercontent.com/9C4rVuBkLO7z6XIloyVmam0A1Xabfnm66pAT0RujDDIunjYB0YikjVe9rIWRmcyoWltD8pkDLWrBxX1Ijw=w544-h544-l90-rj,https://music.youtube.com/watch?v=4wIGITl8hC4,"['Mord Fustang', 'Super Meat Freeze', 'Super Meat Freeze (Original Mix)']"
Crab Rave,['Noisestorm'],Crab Rave,None,2:41,https://lh3.googleusercontent.com/EsHgCaaxJ6ICwcyHym6MoM_G7rols7a4LR7vXLUCQmogkLhfOJJSOUyLTj1u6g7vXxlqtgPJ5A-uzyD6NQ=w544-h544-l90-rj,https://music.youtube.com/watch?v=c_sNBS-9Ras,"['Noisestorm', 'Crab Rave']"
Barracuda,['Noisestorm'],Barracuda,2015,4:23,https://lh3.googleusercontent.com/alTfi24HFiJfvfj5iytyXFeFX5g6nJ643-tEgo2dxrBq72-rQGWdsA1MePNh5oc6FKp1nEMeNLviDqDT=w544-h544-l90-rj,https://music.youtube.com/watch?v=6GF0-mB5--4,"['Noisestorm', 'Barracuda']"
All Night,['Parov Stelar'],The Princess,None,2:47,https://lh3.googleusercontent.com/JQqSnfFbRn-rfMbHOtOQ_wan_03WIepQaJLH4jbNiegXgdmo6GKqw1zKZJ1Q1I-t7GkUPjdoNuXN_2k=w544-h544-l90-rj,https://music.youtube.com/watch?v=MTgn9520w5Q,"['Parov Stelar', 'The Princess', 'All Night']"
The Sun,"['Parov Stelar', 'Graham Candy']",Clap Your Hands,None,2:55,https://lh3.googleusercontent.com/BYS2SvabtxIZ1oNhsFRpz_JKX9fX_tvY20fnZdtB9TXOAzmsmI2-LVYFu0EfTaWPCii5iu13hgxQWiL7=w544-h544-l90-rj,https://music.youtube.com/watch?v=pQ0BF_WA0X4,"['Parov Stelar', 'Graham Candy', 'Clap Your Hands', 'The Sun']"
Booty Swing,['Parov Stelar'],The Paris Swing Box,None,3:17,https://lh3.googleusercontent.com/z3UOoWejx6ofT0j_lMqPzThK7cASgkNUYIG3zghBDFbggbwbnFL48FHGgf8XrXa9OVPbJPN3621WirLY=w544-h544-l90-rj,https://music.youtube.com/watch?v=DvvviZ3gZXM,"['Parov Stelar', 'The Paris Swing Box', 'Booty Swing']"
The Princess,['Parov Stelar'],The Princess,None,3:07,https://lh3.googleusercontent.com/JQqSnfFbRn-rfMbHOtOQ_wan_03WIepQaJLH4jbNiegXgdmo6GKqw1zKZJ1Q1I-t7GkUPjdoNuXN_2k=w544-h544-l90-rj,https://music.youtube.com/watch?v=g3fp-NxodZg,"['Parov Stelar', 'The Princess']"
Catgroove (Club Version),['Parov Stelar'],Coco EP,None,5:10,https://lh3.googleusercontent.com/dgCWqPS-vyKW4nvtkrbolE-tPF3r7V8oWgowXBzM1Cd26cjCA3NudCIUYdMMFkk3rIENTI6fIhCsg1Y=w544-h544-l90-rj,https://music.youtube.com/watch?v=sXi50CNytGQ,"['Parov Stelar', 'Coco EP', 'Catgroove (Club Version)']"
Jimmy's Gang,['Parov Stelar'],"The Princess, Pt. Two",None,5:27,https://lh3.googleusercontent.com/UrmL5PlClvRTV1MWPg7WTuxSst3_f0s4OMUElWDNwOTYEasQ1Buh_plg5CsiuYf2owXR8-esIXlMdAn5=w544-h544-l90-rj,https://music.youtube.com/watch?v=JTovqt7boDo,"['Parov Stelar The Princess', ""Pt. Two Jimmy's Gang""]"
Tango Del Fuego,"['Parov Stelar', 'Georgia Gibbs']",Voodoo Sonic (The Album),None,3:04,https://lh3.googleusercontent.com/GwAFyFVC1h8ywwujcWifyeYjrjfbzw_wDPzL9FMPQ-Gcopguo73ee35XTUs5-Fs0nIc8SyqPNIw5ndux=w544-h544-l90-rj,https://music.youtube.com/watch?v=hPMSy8jPI5k,"['Parov Stelar', 'Georgia Gibbs', 'Voodoo Sonic (The Album)', 'Tango Del Fuego']"
Boy Met Girl,['Parov Stelar'],Boy Met Girl,None,2:55,https://lh3.googleusercontent.com/13mpVcYddinjDday_8xmeXlTqMTAmACqkVBgXenFY5k_5j1IXfzuZb0cS9AtffRo3JMwD2W-ozMe7fcc=w544-h544-l90-rj,https://music.youtube.com/watch?v=jJFmdo3J4wQ,"['Parov Stelar', 'Boy Met Girl']"
Chambermaid Swing,['Parov Stelar'],Charleston Butterfly,None,5:44,https://lh3.googleusercontent.com/EsyOGRgK7M2JKYE8TxZps6Q-Y1qL_WBTHb-HvV5N1sFnNG9mRTmrIG_jlBocNZc-Jy6gnA-iUUZ6UeOirQ=w544-h544-l90-rj,https://music.youtube.com/watch?v=DD7oPx1y4K0,"['Parov Stelar', 'Charleston Butterfly', 'Chambermaid Swing']"
Clap Your Hands,['Parov Stelar'],Clap Your Hands,None,3:17,https://lh3.googleusercontent.com/BYS2SvabtxIZ1oNhsFRpz_JKX9fX_tvY20fnZdtB9TXOAzmsmI2-LVYFu0EfTaWPCii5iu13hgxQWiL7=w544-h544-l90-rj,https://music.youtube.com/watch?v=EhhxV_AmRtM,"['Parov Stelar', 'Clap Your Hands']"
Demon Dance,['Parov Stelar'],The Demon Diaries,None,3:30,https://lh3.googleusercontent.com/JX-onxFlYw59zzPxFfQd6aYkxVaQ6UPGPIeUjISirvY0sPCATgDUziBh6hRTnnml8PA-RfRrbP7gyecd=w544-h544-l90-rj,https://music.youtube.com/watch?v=dnnP3dwIVjo,"['Parov Stelar', 'The Demon Diaries', 'Demon Dance']"
Libella Swing (Extended),['Parov Stelar'],Libella Swing,None,4:45,https://lh3.googleusercontent.com/Plx_QkLMbU51jLhOrJATklZ03ob7WQkBYovzGUlAk8duSsvX_Dy06vaewYd1kqxCRfDvCLuRh8P0F773=w544-h544-l90-rj,https://music.youtube.com/watch?v=SYt18-ZEEJo,"['Parov Stelar', 'Libella Swing', 'Libella Swing (Extended)']"
Grandpa's Groove,"['Parov Stelar', 'AronChupa']",Grandpa's Groove,None,3:11,https://lh3.googleusercontent.com/fmmJiAmYnfdafuaLisoJy2Ihy2MtRzoZf8imKzXx730Q5N1qqVQee5rk2dQ-j5XrY8eBIlSlgRstp4Pd=w544-h544-l90-rj,https://music.youtube.com/watch?v=cF6ZLz1lj0E,"['Parov Stelar', 'AronChupa', ""Grandpa's Groove""]"
Cyka,"['Russian Village Boys', 'Cosmo & Skoro', 'Russian Village Boys']",Cyka,None,3:24,https://lh3.googleusercontent.com/eJ07wSqY4vJyoHmA2c6PkVSeQxtOzYiuWKIkbV2_BOVkBmN90k_1SnT13CWoTP_tlo76QjY-2YZO3GBl=w544-h544-l90-rj,https://music.youtube.com/watch?v=oku957XhA9w,"['Russian Village Boys', 'Cosmo & Skoro', 'Cyka']"
Marble Soda,['Shawn Wasabi'],Marble Soda,2015,2:42,https://lh3.googleusercontent.com/tnhqj9DoW6bnbFh5FCrvUAVOA5WQWFNC9MelOLmK0ilNb2GptdSbvrR-HP3GQcv8RAXPCgbgDLa3erUr=w544-h544-l90-rj,https://music.youtube.com/watch?v=wpXo3RzdkMg,"['Shawn', 'Wasabi', 'Marble', 'Soda']"
Make It Bun Dem,"['Skrillex', 'Damian ""Jr Gong"" Marley']",Make It Bun Dem,2012,3:34,https://lh3.googleusercontent.com/j-UclHWpEC9wHk_ztC1DqFJtaY5TNAEvsP3X2E990h2Cbz-GmgknHAKuT6Elebd1UdbMfdAmK838we8=w544-h544-l90-rj,https://music.youtube.com/watch?v=vY6B8uj1plY,"['Skrillex', 'Damian Jr Gong', 'Marley', 'Make It Bun Dem']"
Bangarang (feat. Sirah),"['Skrillex', 'Sirah']",Bangarang EP,2012,3:35,https://lh3.googleusercontent.com/PJ6VzB7MUlPHB1c__-Ki7V7-z3MhStaP9vEjL1el4i1GcOnwVva8W6Uc84qwMNMEZdYjPbDubmy5CRA5=w544-h544-l90-rj,https://music.youtube.com/watch?v=V7hbIzqxhaE,"['Skrillex', 'Sirah', 'Bangarang EP', 'Bangarang (feat. Sirah)']"
Love the Way You Move,['Slightly Left of Centre'],Love the Way You Move,2014,3:25,https://lh3.googleusercontent.com/SUQMgk19kXSo-xr6dEbrCNtNivMSovy6APKcr53q9prcAU9IdYW7-ozeWM0q_dkaFJNmsrfbKTyGc83hfw=w544-h544-l90-rj,https://music.youtube.com/watch?v=2K-cf965Gac,"['Slightly', 'Left', 'of', 'Centre', 'Love', 'the', 'Way', 'You', 'Move']"
Protoflicker,['Silentroom'],Memory Waves,2020,2:52,https://lh3.googleusercontent.com/9zlJx7vsAAHNBXNQSRd8oYvUkoSFXtR81Xc_2MD3CBf2GhUlD8cn7tH65zOF85tXJg5DzN0bDUPzZRZO=w544-h544-l90-rj,https://music.youtube.com/watch?v=tW2zYSo8h0c,"['Silentroom', 'サイレントルーム', 'Memory Waves', 'Protoflicker']"
Stronger (feat. Emel),['Stonebank'],Stronger (feat. Emel),2015,5:20,https://lh3.googleusercontent.com/CSDsQOIfscRHFbpnB_U7UAMaikJU9cFlG3wpvfxHHwOiGNhEhwPtV75oTCnxOd2fslqTrMVrlLs6HDM3=w544-h544-l90-rj,https://music.youtube.com/watch?v=a0wgfGbzeSM,"['Stonebank', 'Stronger (feat. Emel)']"
The Pressure,['Stonebank'],The Pressure,2015,4:09,https://lh3.googleusercontent.com/zyPvaYN2FRjiTVGb_l_6aHFj1aegUhHzs2hm5WFJt4UjX8hkOPoWE8zRBhMoXtqk6keIImaLeLaAnFE=w544-h544-l90-rj,https://music.youtube.com/watch?v=odQuuR9BXHI,"['Stonebank', 'The', 'Pressure']"
All Night,['Stonebank'],All Night,2016,3:43,https://lh3.googleusercontent.com/qe8Fn4HdTqaWRDxr3zMALaALTRd7TI2jvILVDFA2lVKwKw4VpmqejYVjJF-zRbD7GoEVgUAavyjuRrDlZw=w544-h544-l90-rj,https://music.youtube.com/watch?v=Syll4gLXBjk,"['Stonebank', 'All Night']"
Energy Drink,['Virtual Riot'],The Classics,None,5:04,https://lh3.googleusercontent.com/fVShcdQDL8boTaJ0fyUR2ItuVmmBP20ZcEWc2jNeCv2BJ2XMHpiRTYsfZLzP2-p2S3xeyEw-9a0LRcjx7Q=w544-h544-l90-rj,https://music.youtube.com/watch?v=ehnPPUC7wzQ,"['Virtual Riot', 'The Classics', 'Energy Drink']"
Razor Sharp,"['Pegboard Nerds', 'Tristam']",Razor Sharp,2013,4:41,https://lh3.googleusercontent.com/Jdn9CjMUsN38IAVv5dl1M6x8ZM3qaP7URCcME0M173X_BrEE_kEuKV5MOG3yys_Wh6W5w9zp1hn2Eh5v=w544-h544-l90-rj,https://music.youtube.com/watch?v=vcXuq9uxWsA,"['Pegboard', 'Nerds', 'Tristam', 'Razor', 'Sharp']"
Disconnected,['Pegboard Nerds'],Disconnected,None,4:02,https://lh3.googleusercontent.com/hWqieqaZu_xRBZN9M6ik_QCORQCh1G71McSCUPlbmvZoHfX6qI1ZCG2XQuvP_z73aB2PLPETKJjAqS4=w544-h544-l90-rj,https://music.youtube.com/watch?v=xKzKNrBdAew,"['Pegboard Nerds', 'Disconnected']"
Hero (feat. Elizaveta),"['Pegboard Nerds', 'Elizaveta']",Hero (feat. Elizaveta),2014,5:30,https://lh3.googleusercontent.com/YOjHFiaEYQpSz2rUS5n9SViZDYAkfkgMUQQt3k2DP5ngj5Z5lmk_3Z6Z5F1D1T9HlvPQlLdkMJ9eq02W4A=w544-h544-l90-rj,https://music.youtube.com/watch?v=q1K6OYyVG8o,"['Pegboard Nerds', 'Elizaveta', 'Hero (feat. Elizaveta)']"
Self Destruct,['Pegboard Nerds'],Self Destruct,None,3:33,https://lh3.googleusercontent.com/PDs7_tBfFPaVRt8nSSBaZj_T6WMJd0AnKF468KRipGwzPT7g3d-afYKv5qLdbNdBoNVHFvUp2zj75sPQ=w544-h544-l90-rj,https://music.youtube.com/watch?v=v5IN14uPPSo,"['Pegboard Nerds', 'Self Destruct']"
Holdin' On (Skrillex & Nero Remix),['Monsta'],I See Monstas,2012,3:57,https://lh3.googleusercontent.com/cfIewq4XSxQKpDKyb_0zY6RmHSJfwjUexq2Rr8eu32FTQpD4eGUgmIwiaEI8DfwYOnWYJoAQCvdP12vD=w544-h544-l90-rj,https://music.youtube.com/watch?v=xsWW0WzTyic,"['Monsta', 'I See Monstas', ""Holdin' On""]"
The Calling (feat. Laura Brehm),"['TheFatRat', 'Laura Brehm']",The Calling,None,3:54,https://lh3.googleusercontent.com/h8yQ-0rGzmTB2-P1uMPQ_icBAJAsjBrptKgNtTcEHtaOJ6SeE69Or1G3VsOvPbDSfpoAL-GFn5yR2AlK=w544-h544-l90-rj,https://music.youtube.com/watch?v=NO8Arj4yeww,"['TheFatRat', 'Laura Brehm', 'The Calling', 'The Calling (feat. Laura Brehm)']"
Fly Away,"['TheFatRat', 'Anjulie']",Fly Away,2017,3:14,https://lh3.googleusercontent.com/hLGsf-hWV2964uM0QQ6F56CkbNUuxqAx7RpvqMTuezqik3Ff_xdwJKDZN_1ynz6miyzK1GWIL0cSXQaHCA=w544-h544-l90-rj,https://music.youtube.com/watch?v=HdNnJdd9ljY,"['TheFatRat', 'Anjulie', 'アンジュリー', 'Fly Away']"
Rise Up,['TheFatRat'],Rise Up,2019,2:50,https://lh3.googleusercontent.com/4RC7tgbSGK8uvq06WWuLBqhsfFl2DGgx3mGUtkC_L1D7-s4xaEohW4i3rJB5Ane141OREccCwZTFbfc=w544-h544-l90-rj,https://music.youtube.com/watch?v=6uVrP0Qj1cU,"['TheFatRat', 'Rise Up']"
Monody (feat. Laura Brehm),['TheFatRat'],Monody (feat. Laura Brehm),2015,4:50,https://lh3.googleusercontent.com/KEAxXwG84W_fiEuOchtv2CXm-5Kky1wABcQ-Oydv4pr65PbFUjgq3YWISoSipJcrrDqzCq7VknbbUBwV=w544-h544-l90-rj,https://music.youtube.com/watch?v=E3Vyt0Vs_90,"['TheFatRat', 'Monody (feat. Laura Brehm)']"
Unity,['TheFatRat'],Unity,None,4:09,https://lh3.googleusercontent.com/BkdFoIAdY2CUv7cnsFXr-MPQti5H_E5wvvQEH5uzfxm4x0jBxq7-LfA7VrFNQRFIKLSMEKtZkrChVjtY2Q=w544-h544-l90-rj,https://music.youtube.com/watch?v=QEpc7F6sS4M,"['TheFatRat', 'Unity']"
Stronger,"['TheFatRat', 'Slaydit', 'Anjulie']",Stronger,None,3:25,https://lh3.googleusercontent.com/a27qsmh5zuxX2eaXtvuluj6hClYwAx_KfzU4IE452p3dRtcGoaKhuuW2EtEXQPZhyJ951XOLVLsrDKYl=w544-h544-l90-rj,https://music.youtube.com/watch?v=Y04-kt0WJfE,"['TheFatRat', 'Slaydit', 'Anjulie', 'Stronger']"
The Storm,"['TheFatRat', 'Maisy Kay']",The Storm,2019,2:49,https://lh3.googleusercontent.com/sQjBO-vPL_njnoK3TsmJqj3Tla4fnh0HEQFCBSvvyD12dPH25PZoxvZkInzWZiyJY4DfzcY8BdulFxj_=w544-h544-l90-rj,https://music.youtube.com/watch?v=hy_PexzvC1c,"['TheFatRat', 'Maisy Kay', 'The Storm']"
Close To The Sun,"['TheFatRat', 'Anjulie']",Close To The Sun,2019,3:12,https://lh3.googleusercontent.com/ZSiqMYc30VHRA95-H_AkuZnsKeP56oxRAm6IZ3t5aRelH5Ler3JZLOQILyp296vEoYOCLXnAI1GjQbEm=w544-h544-l90-rj,https://music.youtube.com/watch?v=JXkySkXDHgM,"['TheFatRat', 'Anjulie', 'Close To The Sun']"
MAYDAY,"['TheFatRat', 'Laura Brehm']",MAYDAY,2018,4:07,https://lh3.googleusercontent.com/xgCUdYDfLxorz4wCJMHLMVoT2UvLu7mkB9_UdYAS_p7jOKhdGn9KlhDrkPTmIhZXYgzaB9U02krcWewV=w544-h544-l90-rj,https://music.youtube.com/watch?v=szDsuIRCPn0,"['TheFatRat', 'Laura Brehm', 'MAYDAY']"
Xenogenesis,['TheFatRat'],Xenogenesis,2020,3:53,https://lh3.googleusercontent.com/_q2gLHB1Z9gYepxEqbaJFDR5vmWR9xhKo8oy1fiaFEB8yGpRBqsw9qVGu3n2h4PrIYI-svK_bmGt2xL1=w544-h544-l90-rj,https://music.youtube.com/watch?v=1aQ4HSheJhk,"['TheFatRat', 'Xenogenesis']"
Time Lapse,['TheFatRat'],Time Lapse,2015,3:05,https://lh3.googleusercontent.com/GGQaPtSTv3ziFz-oXd18r8yodkIeFojeiSHf_wRFFn7LtPBQOKLR6nJKxjFjsyUEbf9muTEoq4i7XXwf=w544-h544-l90-rj,https://music.youtube.com/watch?v=uMqkloIfD2s,"['TheFatRat', 'Time', 'Lapse']"
Never Be Alone,['TheFatRat'],Tasty Album 001 - Entree,2015,4:20,https://lh3.googleusercontent.com/sJiOgVzG7zTB-vcRzq1W6Qc0QPCdEIq_iB-5wDr0C5wK7vwnwVhjelGPMSo5jIsDs3zAFk0GfTTkh5wm=w544-h544-l90-rj,https://music.youtube.com/watch?v=YsK0cJGE7Zw,"['TheFatRat', 'Tasty Album 001 - Entree', 'Never Be Alone']"
Windfall,['TheFatRat'],Windfall,2020,3:48,https://lh3.googleusercontent.com/V_mC2-4oIme9GiLMuUo9f_MAe7psILSkj768Flptqj2p04l0LquN8VanaAQLqi59AZ6HdO3KoLPh4TE_Xw=w544-h544-l90-rj,https://music.youtube.com/watch?v=E-RDYVYcIb0,"['TheFatRat', 'Windfall']"
Oblivion,"['TheFatRat', 'Lola Blanc']",Oblivion,2017,3:32,https://lh3.googleusercontent.com/Lu7RO5oXkleA0S6n874_T6pzHWwrQxyUqvTF2ThTLZ-cSKEzCahiAxi5Ff-Nuv2xG1X4cDJ3PNrbyYc=w544-h544-l90-rj,https://music.youtube.com/watch?v=2rgrOiadO2c,"['TheFatRat', 'Lola Blanc', 'Oblivion']"
Infinite Power,['TheFatRat'],Infinite Power,2014,3:29,https://lh3.googleusercontent.com/uQqiqqPOEYb4XQfTOWLHdcjHtkDGAElT_vqTtFGnKsF1W9qQEJoYmfYypAaDg2gT7yk2GcoYKdJ2roxL=w544-h544-l90-rj,https://music.youtube.com/watch?v=twCzH75C_WE,"['TheFatRat', 'Infinite Power']"
Dancing Naked,['TheFatRat'],Dancing Naked,2015,3:58,https://lh3.googleusercontent.com/OhUv22aKahQH8AuXhfefmBMmhrSl2FjNNPnMXAci4kIaD0R61RyjQZrpdsC_UlMeuAKlnXJIxZP899lL=w544-h544-l90-rj,https://music.youtube.com/watch?v=FYMhjFixx20,"['TheFatRat', 'Dancing Naked']"
Vivaldi (Original Mix),['PrototypeRaptor'],Rapid Vivaldi,2014,6:10,https://lh3.googleusercontent.com/qdvZsSDM8r4w3vmGQCRd2kMsQhyF-wn4Q1Z9XQJXGQEZedi7QB_jp6MWBrrBCRunqAxpbpCS0F4Vvd_ovw=w544-h544-l90-rj,https://music.youtube.com/watch?v=8FwCQRACQVo,"['PrototypeRaptor', 'Rapid', 'Vivaldi', '(Original', 'Mix)']"
Awe,['PrototypeRaptor'],Awe,2018,3:53,https://lh3.googleusercontent.com/ZD2EYIKho1PuhBou12CqImFnKlDAEVS78038tyJQctIfswv9QjsdrP6evLCaVzG9RqWByUfm39J8ExFzfA=w544-h544-l90-rj,https://music.youtube.com/watch?v=BJ5eCWjrRu8,"['PrototypeRaptor', 'Awe']"
Last Sprite Standing,['PrototypeRaptor'],3-1,2013,4:58,https://lh3.googleusercontent.com/IpdtEjeNJ3BHi6VwW_ITYCI0uNkzoUJJwritjA5RfexMp55zZr1L47eQ696FjK8MHsFpAGAq24q_bTBybQ=w544-h544-l90-rj,https://music.youtube.com/watch?v=TMaPjqNB0So,"['PrototypeRaptor', '3-1', 'Last Sprite Standing']"
Timeless,['PrototypeRaptor'],Nostalgiarithm,2013,5:42,https://lh3.googleusercontent.com/maLpgZ7BM_LuIjdmy7r5HdyuawxBYse2SJMv1e-EeikUbuNyYS-NHfsiDkTu3TdrVII9tJz7aTDBHKhw=w544-h544-l90-rj,https://music.youtube.com/watch?v=Fpnt_jIo1Tg,"['PrototypeRaptor', 'Nostalgiarithm', 'Timeless']"
Bring Back the Funk,['PrototypeRaptor'],3-1,2013,4:55,https://lh3.googleusercontent.com/IpdtEjeNJ3BHi6VwW_ITYCI0uNkzoUJJwritjA5RfexMp55zZr1L47eQ696FjK8MHsFpAGAq24q_bTBybQ=w544-h544-l90-rj,https://music.youtube.com/watch?v=xFPl6amvDl8,"['PrototypeRaptor', '3-1', 'Bring Back the Funk']"
Protivogaz,['Uamee'],Protivogaz,None,2:42,https://lh3.googleusercontent.com/WGgkS64JcecI0FgzonYUvggecwTy2R3iCm7AZUDJL1S5RpHEV1I_JIo9SxudYkALUvvu9HqDKfew57k=w544-h544-l90-rj,https://music.youtube.com/watch?v=BG3mJ3eBwLM,"['Uamee', 'Protivogaz']"
Parking Lot,"['Life of Boris', 'Uamee']",Parking Lot,None,3:03,https://lh3.googleusercontent.com/DTyNpHOMDktqrIexOuFDQGsCDoV8NdwZ2FTKO605mJPLvvHFJEbRhVbEjGrYfeZ7Wjp_9IHpSCsM32BuOw=w544-h544-l90-rj,https://music.youtube.com/watch?v=wKSD1Lle628,"['Life of Boris', 'Uamee', 'Parking Lot']"
Delet This Nahui,['Uamee'],Delet This Nahui,None,2:35,https://lh3.googleusercontent.com/EIqb6inIytwDLhIOrGh12MKHcphkzCAdRISBD6W0ju1HntTtTrXb7AXA20AAjWTBjnoijjnXfk1wU2k=w544-h544-l90-rj,https://music.youtube.com/watch?v=6nfvSW606Lg,"['Uamee', 'Delet This Nahui']"
IL-76,['Uamee'],Straight Out of a Squatvia,None,2:51,https://lh3.googleusercontent.com/hcDsweFsIBCI_zzgiQh_cGh9JDiOzXfHlTFONSNECT1T80NHanBTh3AqwQ3qACJoTwgYy_gzv5TpbrI=w544-h544-l90-rj,https://music.youtube.com/watch?v=hUWnJSasp0M,"['Uamee', 'Straight Out of a Squatvia', 'IL-76']"
Italia (feat. Bertra),"['Uamee', 'Alan Aztec', 'Bertra']",Italia (feat. Bertra),None,2:05,https://lh3.googleusercontent.com/Dzoxhx9XCx9MXaHyMYPnnoxTWXG3indmdYu3WQLnONdKZJjpHHdfd5tV-aSzKyWLl0HmPsChmJfl8mru=w544-h544-l90-rj,https://music.youtube.com/watch?v=1_HZTHSQLXU,"['Uamee', 'Alan Aztec', 'Bertra', 'Italia (feat. Bertra)']"
74 47,['Uamee'],74 47,None,2:26,https://lh3.googleusercontent.com/5FYpDi_9x-Z74NypIbTHVDjJQmY2NiCVcNkf9-bDjxJV0OpjbD-Jq55CA5sO0eUopZJdjw4ULnWnWfo=w544-h544-l90-rj,https://music.youtube.com/watch?v=0AU6KsinF_8,"['Uamee', '74 47']"
ALL MY FELLAS,['Frizk'],ALL MY FELLAS,None,2:21,https://lh3.googleusercontent.com/q7VvOK9qo0JdUGVTj-bZqrw_QCd-uTcG88N3cuNvOoDGaqivEhIKhmuOkyGhHcJm9QoaFsFBObRv4A=w544-h544-l90-rj,https://music.youtube.com/watch?v=cygu65ytwTc,"['Frizk', 'ALL MY FELLAS']"
Hello,['OMFG'],Hello,2014,3:46,https://lh3.googleusercontent.com/CDf2zybNaI506uQfpdJcBqQkAL990WdtMOMBBCmkcb4Ez2eC4mTrTg7UM1Ztga8KUIzM2zYDpad2KI4=w544-h544-l90-rj,https://music.youtube.com/watch?v=aaIjs8K3oYo,"['OMFG', 'Hello', 'Hello']"
I Love You,['OMFG'],I Love You,2016,3:57,https://lh3.googleusercontent.com/8WX_YTsfXN41W14NzttObhr5OP-G333or_MbM95YevdpTCVALmDwx1E-LTPAQkkbUDlfu3xYj5SBx1ILww=w544-h544-l90-rj,https://music.youtube.com/watch?v=-qg3BQln7HI,"['OMFG', 'Love', 'You']"
Ice Cream,['OMFG'],Ice Cream,2015,4:46,https://lh3.googleusercontent.com/FlP1lf79dzbvNRgPVf6dFCfVimJdxJd7BMm4D1weEcpcNWBc4szE8QUAFCAkys6Cq5gEeYO6jyZeG3Q=w544-h544-l90-rj,https://music.youtube.com/watch?v=r4sn8MMvPFo,"['OMFG', 'Ice Cream']"
GAS GAS GAS,['MANUEL'],SUPER EUROBEAT VOL.181,None,4:21,https://lh3.googleusercontent.com/a2EwTyAYfX3AWPLe5u6gNS79bRDHfl79URQfAuAVtFX944MoQtF001UjcXLSGYQhfrpNYIXMNFe-QVwZgw=w544-h544-s-l90-rj,https://music.youtube.com/watch?v=fTFxE32onKs,"['MANUEL', 'マニュエル', 'SUPER EUROBEAT VOL.181', 'GAS GAS GAS']"
Running In The 90's,['Max Coveri'],Running In The 90's / Golden Age,None,4:46,https://lh3.googleusercontent.com/pEFgRvtX2ILqDRRVBto_wWhqE-y8TjIDooIdFd1bncP7K7GZNsnUs37ERKeXpdcBqUt7vEAq0zVam5i4=w544-h544-l90-rj,https://music.youtube.com/watch?v=_Fxil2QY0wE,"['Max', 'Coveri', 'Running', 'In', 'The', ""90's"", 'Golden', 'Age']"
Night of Fire (Extended mix),['Niko'],Bratt Sinclaire Eurobeat Style Vol.7,2019,5:18,https://lh3.googleusercontent.com/_7jTtwl-foypPYm7cc-5rLD_9mG0sdHRA4aZiMYIEwvons_3ccUsu7uT6U07g7AjV-ViWTdhpHMfjkM=w544-h544-l90-rj,https://music.youtube.com/watch?v=7BTWpImCDq4,"['Niko', 'Bratt Sinclaire Eurobeat Style Vol.7', 'Night of Fire']"
Deja Vu,['DAVE RODGERS'],DEJA VU,None,4:22,https://lh3.googleusercontent.com/GtU1-BlRmEPhSN0a5tmNw3HY2tLRas3FJ7ODrH9XN85AbmCqF1RT6HhsRTE4kDmJFzqgC5yUp947aveD=w544-h544-l90-rj,https://music.youtube.com/watch?v=hE6UA_Fvz-A,"['DAVE RODGERS', 'デイブロジャース', 'DEJA VU', 'Deja Vu']"
Dr. Finkelfracken's Cure,['Bossfight'],Nice Catch Biggy!,None,2:07,https://lh3.googleusercontent.com/UgugiwXDi0TkEOhrRVn7zlXOnvU7L_yk70Y1O6q2XGmr3Id8LU1_HzINdelURCYi2uJNLAymT4eRjB95=w544-h544-l90-rj,https://music.youtube.com/watch?v=q_F0QDyilZA,"['Bossfight', 'Nice Catch Biggy!', ""Dr. Finkelfracken's Cure""]"
Milky Ways,['Bossfight'],"Caps On, Hats Off",None,3:08,https://lh3.googleusercontent.com/NTyZsHqNp0aWsINylS-Yj-cKEwVPWWsvwo3eqvetCARmi00EnQHSZgyjTe9O3D622m5J0bN2FOLhRABC=w544-h544-l90-rj,https://music.youtube.com/watch?v=IjBTnpYRcgQ,"['Bossfight Caps On', 'Hats Off Milky Ways']"
Nock Em,['Bossfight'],Nock Em,None,3:32,https://lh3.googleusercontent.com/q_bb11lkBKOEbTqd2afvi3eN2JOp9ZHJrXWkYZUS7et2adrrSAe5A-kbvJW-BuLt9xCDUCajfGj9cEm_XA=w544-h544-l90-rj,https://music.youtube.com/watch?v=J077DryC2os,"['Bossfight', 'Nock Em']"
The Maze of Mayonnaise,['Bossfight'],"Caps On, Hats Off",None,3:11,https://lh3.googleusercontent.com/NTyZsHqNp0aWsINylS-Yj-cKEwVPWWsvwo3eqvetCARmi00EnQHSZgyjTe9O3D622m5J0bN2FOLhRABC=w544-h544-l90-rj,https://music.youtube.com/watch?v=lRLNI0tx514,"['Bossfight Caps On', 'Hats Off The Maze of Mayonnaise']"
Flirt Flirt Oh It Hurts,['Bossfight'],"Caps On, Hats Off",None,3:31,https://lh3.googleusercontent.com/NTyZsHqNp0aWsINylS-Yj-cKEwVPWWsvwo3eqvetCARmi00EnQHSZgyjTe9O3D622m5J0bN2FOLhRABC=w544-h544-l90-rj,https://music.youtube.com/watch?v=Hi8VAO0kzjs,"['Bossfight Caps On', 'Hats Off Flirt Flirt Oh It Hurts']"
Commando Steve,['Bossfight'],"Caps On, Hats Off",None,3:27,https://lh3.googleusercontent.com/NTyZsHqNp0aWsINylS-Yj-cKEwVPWWsvwo3eqvetCARmi00EnQHSZgyjTe9O3D622m5J0bN2FOLhRABC=w544-h544-l90-rj,https://music.youtube.com/watch?v=ZqfO-rn46vs,"['Bossfight Caps On', 'Hats Off Commando Steve']"
Starship Showdown,['Bossfight'],"Caps On, Hats Off",None,4:08,https://lh3.googleusercontent.com/NTyZsHqNp0aWsINylS-Yj-cKEwVPWWsvwo3eqvetCARmi00EnQHSZgyjTe9O3D622m5J0bN2FOLhRABC=w544-h544-l90-rj,https://music.youtube.com/watch?v=Z4JYvA-lHXM,"['Bossfight Caps On', 'Hats Off Starship Showdown']"
Captain Cool,['Bossfight'],Nice Catch Biggy!,None,3:19,https://lh3.googleusercontent.com/UgugiwXDi0TkEOhrRVn7zlXOnvU7L_yk70Y1O6q2XGmr3Id8LU1_HzINdelURCYi2uJNLAymT4eRjB95=w544-h544-l90-rj,https://music.youtube.com/watch?v=a1VhjrIjMu0,"['Bossfight', 'Nice Catch Biggy!', 'Captain Cool']"
Highscore,"['Panda Eyes', 'Teminite']",KIKO,2015,4:20,https://lh3.googleusercontent.com/1wz5VEhiyEQtQ0toDOaGFz9jKhDJkkx8VH_dYF9bcr-Uo8iQDYz2MU-QzfGcGIiSc0jYRlt6hRbFeA2vAQ=w544-h544-l90-rj,https://music.youtube.com/watch?v=3J1kCvqNmDw,"['Panda Eyes', 'Teminite', 'KIKO', 'Highscore']"
Space Invaders,"['Teminite', 'MDK']",Space Invaders,2019,5:48,https://lh3.googleusercontent.com/Oy9ubiw1kPAA_IJM88wyB7fDF9KXAsZcHHGVM1of7nho1uxrtppl3NXE96W-xMWCEF5J6HYoLGswe-PR=w544-h544-l90-rj,https://music.youtube.com/watch?v=AbaHfLCc0e8,"['Teminite', 'MDK', 'Space Invaders']"
Cyka Blyat,"['DJ Blyatman', 'Russian Village Boys']",Cyka Blyat,None,3:02,https://lh3.googleusercontent.com/yLxXhUkaJgwxCWyiQTaoyl4MllOjYv3080xDqqptvDKLAEW76mwD_mtbo8fs98lRV78RWDrXtJ9i_beL=w544-h544-l90-rj,https://music.youtube.com/watch?v=5aqiAqkwGVw,"['DJ Blyatman', 'Russian Village Boys', 'Cyka Blyat']"
Slav King (feat. Life of Boris),"['DJ Blyatman', 'Life of Boris']",Slav King (feat. Life of Boris),None,3:07,https://lh3.googleusercontent.com/KxwDx2BB6f5yqidmDqZJyDLdYtCE3MlMGidwzGw0fITOcGZNiG1U4--tHtCLC3HReeSQJ26uGFvEH0Kh=w544-h544-l90-rj,https://music.youtube.com/watch?v=1Q3SOrb8AqM,"['DJ Blyatman', 'Life of Boris', 'Slav King (feat. Life of Boris)']"
Made in Russia,"['DJ Blyatman', 'Russian Village Boys']",Made in Russia,None,3:14,https://lh3.googleusercontent.com/gxxHp858WW-xFwWfMbo04F0gJX7hrVflz731SgCYtaD8Grl8uQCIWcnmjepIgv-QOT37ZGRoM3RfFYgu=w544-h544-l90-rj,https://music.youtube.com/watch?v=P_HgWyqiWjg,"['DJ Blyatman', 'Russian Village Boys', 'Made in Russia']"
Generation Hardbass (feat. Life of Boris),"['DJ Blyatman', 'Life of Boris']",Generation Hardbass (feat. Life of Boris),None,4:07,https://lh3.googleusercontent.com/BgSB9Afa8gOblYhxgHL3GkIUWKbRkejhkM-WRylo-LUrY7osPaA0rglm6YKgKUtGEOcoKyCN7iclj4F2=w544-h544-l90-rj,https://music.youtube.com/watch?v=EunQCb7-sRw,"['DJ Blyatman', 'Life of Boris', 'Generation Hardbass (feat. Life of Boris)']"
How We Party,"['DJ Blyatman', 'XS Project']",How We Party,None,4:32,https://lh3.googleusercontent.com/2sotxBfgcCQuD1ZU_jsnlNHMJK2xBxo4hCvhhkymkNfCxP-tRxISRSkFMROqEByK3Gn8P9L09pcjD3E=w544-h544-l90-rj,https://music.youtube.com/watch?v=_Rd6DTnIeo4,"['DJ Blyatman', 'XS Project', 'How We Party']"
"Bochka, Bass, Kolbaser",['XS Project'],"Bochka, Bass, Kolbaser",2016,3:35,https://lh3.googleusercontent.com/6B1I7dKmy73jLeMzIeC_CnSNEEiMcGvGTXrvfIPSa3z7LvNO9gzRskfrqsrK0fuk6VGXmUBDeSb6Ny9KAA=w544-h544-l90-rj,https://music.youtube.com/watch?v=Lirc7fymdCA,"['XS Project Bochka', 'Bass', 'Kolbaser']"
Vodovorot,['XS Project'],Brosay Dolbit!,2011,4:15,https://lh3.googleusercontent.com/eGhX6rVcowCmgL97D5zeJsh6YBxrVvUyvn0kMxgVeDsjNnzpeqfa5miuofzt0wAoG3y0JT7eFdsB6QS5=w544-h544-l90-rj,https://music.youtube.com/watch?v=7c9wFb5OBXM,"['XS Project', 'Brosay Dolbit!', 'Vodovorot']"
Red Roubles,['XS Project & Life of Boris'],Red Roubles,2017,3:58,https://lh3.googleusercontent.com/Tt78QNVer5yRb_1ZMERBkxDC8fU34xwCzouezimKh5uSRjrbWAGLeyBTk2owNM7HycHTJVzcBOD_v0PF=w544-h544-l90-rj,https://music.youtube.com/watch?v=oJulpTGt5Mw,"['XS Project & Life of Boris', 'Red Roubles']"
Counter Strike,['XS Project'],Counter Strike,2019,3:28,https://lh3.googleusercontent.com/jFMKOxfeZpmSdOmvaPr2NGdRmPIi1EJt6P_eM4i9kFdJS94HzWOCVXbx7aeeRoUoOmYK2RPSk7frLkR4=w544-h544-l90-rj,https://music.youtube.com/watch?v=VuRBiLJxi_w,"['XS Project', 'Counter Strike']"
Starcrash,['Feed Me'],Feed Me's Existential Crisis,2017,6:23,https://lh3.googleusercontent.com/P-ZTl2s679APpiKLTIT3wYncElBMbqaLtp_IbjFz27yWmFfyYNPBhyN-r0kjDBw4tDNeE7dHdIC5QmZ_aA=w544-h544-l90-rj,https://music.youtube.com/watch?v=fuxUm3b0nXE,"['Feed Me', ""Feed Me's Existential Crisis"", 'Starcrash']"
Existential Crisis,['Feed Me'],Feed Me's Existential Crisis,2017,5:02,https://lh3.googleusercontent.com/P-ZTl2s679APpiKLTIT3wYncElBMbqaLtp_IbjFz27yWmFfyYNPBhyN-r0kjDBw4tDNeE7dHdIC5QmZ_aA=w544-h544-l90-rj,https://music.youtube.com/watch?v=IeAGCWh0GN4,"['Feed Me', ""Feed Me's Existential Crisis"", 'Existential Crisis']"
Shell Pet,['Feed Me'],Feed Me's Existential Crisis,2017,5:09,https://lh3.googleusercontent.com/P-ZTl2s679APpiKLTIT3wYncElBMbqaLtp_IbjFz27yWmFfyYNPBhyN-r0kjDBw4tDNeE7dHdIC5QmZ_aA=w544-h544-l90-rj,https://music.youtube.com/watch?v=MPLF1bMZ5MQ,"['Feed Me', ""Feed Me's Existential Crisis"", 'Shell Pet']"
High Noon,['Feed Me'],A Giant Warrior Descends on Tokyo,2015,4:16,https://lh3.googleusercontent.com/UHDvhP-n19X8nsWVMpFVdcaqKUcyBIwDpQtI6hwSMSAHX7CrL8A-9eBEAGYL_mBV1nVzUyfZ62l0W1s=w544-h544-l90-rj,https://music.youtube.com/watch?v=OJDj3RD5q-g,"['Feed Me', 'A Giant Warrior Descends on Tokyo', 'High Noon']"
RAVE,['Dxrk ダーク'],RAVE,2022,2:49,https://lh3.googleusercontent.com/n0pSY1R8PZ8L00KlZ2K-P0rlkkSQTlBqHeN0pmd_cpGctzNIXi2Yc6x2m1ekjy7r-kZdZccd_kIIhXM=w544-h544-l90-rj,https://music.youtube.com/watch?v=AqHlQL3PoD8,"['Dxrk ダーク', 'RAVE']"
Murder In My Mind,['Kordhell'],Murder In My Mind,2022,2:25,https://lh3.googleusercontent.com/v8-bhoXMHgeO4H1pZc4MsHIh4BrZshY4IJC2AME6KfVEN9VSsMVEjv8CwSDE4kaSkap9jzcx3aEykKrQEA=w544-h544-l90-rj,https://music.youtube.com/watch?v=RXRWE_XQ8aE,"['Kordhell', 'Murder In My Mind']"
